ISO-10303-21;
HEADER;
/* Generated by software containing ST-Developer
 * from STEP Tools, Inc. (www.steptools.com) 
 */

FILE_DESCRIPTION(
/* description */ (''),
/* implementation_level */ '2;1');

FILE_NAME(
/* name */ 'Top Plate 4mm Carbon.step',
/* time_stamp */ '2025-08-03T20:00:28-04:00',
/* author */ (''),
/* organization */ (''),
/* preprocessor_version */ 'ST-DEVELOPER v20.1',
/* originating_system */ 'Autodesk Translation Framework v14.10.0.0',
/* authorisation */ '');

FILE_SCHEMA (('AUTOMOTIVE_DESIGN { 1 0 10303 214 3 1 1 }'));
ENDSEC;

DATA;
#10=MECHANICAL_DESIGN_GEOMETRIC_PRESENTATION_REPRESENTATION('',(#13),#3611);
#11=SHAPE_REPRESENTATION_RELATIONSHIP('SRR','None',#3618,#12);
#12=ADVANCED_BREP_SHAPE_REPRESENTATION('',(#14),#3610);
#13=STYLED_ITEM('',(#3627),#14);
#14=MANIFOLD_SOLID_BREP('Body2',#1759);
#15=(
BOUNDED_CURVE()
B_SPLINE_CURVE(5,(#2622,#2623,#2624,#2625,#2626,#2627,#2628,#2629,#2630,
#2631),.UNSPECIFIED.,.F.,.F.)
B_SPLINE_CURVE_WITH_KNOTS((6,1,1,1,1,6),(0.,0.2,0.4,0.6,0.8,1.),
 .UNSPECIFIED.)
CURVE()
GEOMETRIC_REPRESENTATION_ITEM()
RATIONAL_B_SPLINE_CURVE((1.,1.,1.,1.,1.,1.,1.,1.,1.,1.))
REPRESENTATION_ITEM('')
);
#16=(
BOUNDED_CURVE()
B_SPLINE_CURVE(5,(#2633,#2634,#2635,#2636,#2637,#2638,#2639,#2640,#2641,
#2642),.UNSPECIFIED.,.F.,.F.)
B_SPLINE_CURVE_WITH_KNOTS((6,1,1,1,1,6),(-1.,-0.8,-0.6,-0.4,-0.2,0.),
 .UNSPECIFIED.)
CURVE()
GEOMETRIC_REPRESENTATION_ITEM()
RATIONAL_B_SPLINE_CURVE((1.,1.,1.,1.,1.,1.,1.,1.,1.,1.))
REPRESENTATION_ITEM('')
);
#17=(
BOUNDED_CURVE()
B_SPLINE_CURVE(5,(#2661,#2662,#2663,#2664,#2665,#2666,#2667,#2668),
 .UNSPECIFIED.,.F.,.F.)
B_SPLINE_CURVE_WITH_KNOTS((6,1,1,6),(0.475837634419286,0.6,0.8,1.),
 .UNSPECIFIED.)
CURVE()
GEOMETRIC_REPRESENTATION_ITEM()
RATIONAL_B_SPLINE_CURVE((1.,1.,1.,1.,1.,1.,1.,1.))
REPRESENTATION_ITEM('')
);
#18=(
BOUNDED_CURVE()
B_SPLINE_CURVE(5,(#2670,#2671,#2672,#2673,#2674,#2675,#2676,#2677),
 .UNSPECIFIED.,.F.,.F.)
B_SPLINE_CURVE_WITH_KNOTS((6,1,1,6),(-1.,-0.8,-0.6,-0.475837634419286),
 .UNSPECIFIED.)
CURVE()
GEOMETRIC_REPRESENTATION_ITEM()
RATIONAL_B_SPLINE_CURVE((1.,1.,1.,1.,1.,1.,1.,1.))
REPRESENTATION_ITEM('')
);
#19=(
BOUNDED_CURVE()
B_SPLINE_CURVE(5,(#2706,#2707,#2708,#2709,#2710,#2711,#2712,#2713,#2714,
#2715),.UNSPECIFIED.,.F.,.F.)
B_SPLINE_CURVE_WITH_KNOTS((6,1,1,1,1,6),(0.,0.2,0.4,0.6,0.8,1.),
 .UNSPECIFIED.)
CURVE()
GEOMETRIC_REPRESENTATION_ITEM()
RATIONAL_B_SPLINE_CURVE((1.,1.,1.,1.,1.,1.,1.,1.,1.,1.))
REPRESENTATION_ITEM('')
);
#20=(
BOUNDED_CURVE()
B_SPLINE_CURVE(5,(#2717,#2718,#2719,#2720,#2721,#2722,#2723,#2724,#2725,
#2726),.UNSPECIFIED.,.F.,.F.)
B_SPLINE_CURVE_WITH_KNOTS((6,1,1,1,1,6),(0.,0.2,0.4,0.6,0.8,1.),
 .UNSPECIFIED.)
CURVE()
GEOMETRIC_REPRESENTATION_ITEM()
RATIONAL_B_SPLINE_CURVE((1.,1.,1.,1.,1.,1.,1.,1.,1.,1.))
REPRESENTATION_ITEM('')
);
#21=(
BOUNDED_CURVE()
B_SPLINE_CURVE(5,(#2761,#2762,#2763,#2764,#2765,#2766,#2767,#2768,#2769,
#2770),.UNSPECIFIED.,.F.,.F.)
B_SPLINE_CURVE_WITH_KNOTS((6,1,1,1,1,6),(0.,0.2,0.4,0.6,0.8,1.),
 .UNSPECIFIED.)
CURVE()
GEOMETRIC_REPRESENTATION_ITEM()
RATIONAL_B_SPLINE_CURVE((1.,1.,1.,1.,1.,1.,1.,1.,1.,1.))
REPRESENTATION_ITEM('')
);
#22=(
BOUNDED_CURVE()
B_SPLINE_CURVE(5,(#2772,#2773,#2774,#2775,#2776,#2777,#2778,#2779,#2780,
#2781),.UNSPECIFIED.,.F.,.F.)
B_SPLINE_CURVE_WITH_KNOTS((6,1,1,1,1,6),(0.,0.2,0.4,0.6,0.8,1.),
 .UNSPECIFIED.)
CURVE()
GEOMETRIC_REPRESENTATION_ITEM()
RATIONAL_B_SPLINE_CURVE((1.,1.,1.,1.,1.,1.,1.,1.,1.,1.))
REPRESENTATION_ITEM('')
);
#23=(
BOUNDED_CURVE()
B_SPLINE_CURVE(5,(#2816,#2817,#2818,#2819,#2820,#2821,#2822,#2823,#2824,
#2825),.UNSPECIFIED.,.F.,.F.)
B_SPLINE_CURVE_WITH_KNOTS((6,1,1,1,1,6),(0.,0.2,0.4,0.6,0.8,1.),
 .UNSPECIFIED.)
CURVE()
GEOMETRIC_REPRESENTATION_ITEM()
RATIONAL_B_SPLINE_CURVE((1.,1.,1.,1.,1.,1.,1.,1.,1.,1.))
REPRESENTATION_ITEM('')
);
#24=(
BOUNDED_CURVE()
B_SPLINE_CURVE(5,(#2827,#2828,#2829,#2830,#2831,#2832,#2833,#2834,#2835,
#2836),.UNSPECIFIED.,.F.,.F.)
B_SPLINE_CURVE_WITH_KNOTS((6,1,1,1,1,6),(0.,0.2,0.4,0.6,0.8,1.),
 .UNSPECIFIED.)
CURVE()
GEOMETRIC_REPRESENTATION_ITEM()
RATIONAL_B_SPLINE_CURVE((1.,1.,1.,1.,1.,1.,1.,1.,1.,1.))
REPRESENTATION_ITEM('')
);
#25=(
BOUNDED_CURVE()
B_SPLINE_CURVE(5,(#2865,#2866,#2867,#2868,#2869,#2870,#2871,#2872,#2873,
#2874),.UNSPECIFIED.,.F.,.F.)
B_SPLINE_CURVE_WITH_KNOTS((6,1,1,1,1,6),(0.,0.2,0.4,0.6,0.8,1.),
 .UNSPECIFIED.)
CURVE()
GEOMETRIC_REPRESENTATION_ITEM()
RATIONAL_B_SPLINE_CURVE((1.,1.,1.,1.,1.,1.,1.,1.,1.,1.))
REPRESENTATION_ITEM('')
);
#26=(
BOUNDED_CURVE()
B_SPLINE_CURVE(5,(#2876,#2877,#2878,#2879,#2880,#2881,#2882,#2883,#2884,
#2885),.UNSPECIFIED.,.F.,.F.)
B_SPLINE_CURVE_WITH_KNOTS((6,1,1,1,1,6),(-1.,-0.8,-0.6,-0.4,-0.2,0.),
 .UNSPECIFIED.)
CURVE()
GEOMETRIC_REPRESENTATION_ITEM()
RATIONAL_B_SPLINE_CURVE((1.,1.,1.,1.,1.,1.,1.,1.,1.,1.))
REPRESENTATION_ITEM('')
);
#27=(
BOUNDED_CURVE()
B_SPLINE_CURVE(5,(#2920,#2921,#2922,#2923,#2924,#2925,#2926,#2927,#2928,
#2929),.UNSPECIFIED.,.F.,.F.)
B_SPLINE_CURVE_WITH_KNOTS((6,1,1,1,1,6),(0.,0.2,0.4,0.6,0.8,1.),
 .UNSPECIFIED.)
CURVE()
GEOMETRIC_REPRESENTATION_ITEM()
RATIONAL_B_SPLINE_CURVE((1.,1.,1.,1.,1.,1.,1.,1.,1.,1.))
REPRESENTATION_ITEM('')
);
#28=(
BOUNDED_CURVE()
B_SPLINE_CURVE(5,(#2931,#2932,#2933,#2934,#2935,#2936,#2937,#2938,#2939,
#2940),.UNSPECIFIED.,.F.,.F.)
B_SPLINE_CURVE_WITH_KNOTS((6,1,1,1,1,6),(-1.,-0.8,-0.6,-0.4,-0.2,0.),
 .UNSPECIFIED.)
CURVE()
GEOMETRIC_REPRESENTATION_ITEM()
RATIONAL_B_SPLINE_CURVE((1.,1.,1.,1.,1.,1.,1.,1.,1.,1.))
REPRESENTATION_ITEM('')
);
#29=(
BOUNDED_CURVE()
B_SPLINE_CURVE(5,(#2975,#2976,#2977,#2978,#2979,#2980,#2981,#2982,#2983,
#2984),.UNSPECIFIED.,.F.,.F.)
B_SPLINE_CURVE_WITH_KNOTS((6,1,1,1,1,6),(0.,0.2,0.4,0.6,0.8,1.),
 .UNSPECIFIED.)
CURVE()
GEOMETRIC_REPRESENTATION_ITEM()
RATIONAL_B_SPLINE_CURVE((1.,1.,1.,1.,1.,1.,1.,1.,1.,1.))
REPRESENTATION_ITEM('')
);
#30=(
BOUNDED_CURVE()
B_SPLINE_CURVE(5,(#2986,#2987,#2988,#2989,#2990,#2991,#2992,#2993,#2994,
#2995),.UNSPECIFIED.,.F.,.F.)
B_SPLINE_CURVE_WITH_KNOTS((6,1,1,1,1,6),(-1.,-0.8,-0.6,-0.4,-0.2,0.),
 .UNSPECIFIED.)
CURVE()
GEOMETRIC_REPRESENTATION_ITEM()
RATIONAL_B_SPLINE_CURVE((1.,1.,1.,1.,1.,1.,1.,1.,1.,1.))
REPRESENTATION_ITEM('')
);
#31=(
BOUNDED_CURVE()
B_SPLINE_CURVE(5,(#3020,#3021,#3022,#3023,#3024,#3025,#3026,#3027),
 .UNSPECIFIED.,.F.,.F.)
B_SPLINE_CURVE_WITH_KNOTS((6,1,1,6),(0.475837634419286,0.6,0.8,1.),
 .UNSPECIFIED.)
CURVE()
GEOMETRIC_REPRESENTATION_ITEM()
RATIONAL_B_SPLINE_CURVE((1.,1.,1.,1.,1.,1.,1.,1.))
REPRESENTATION_ITEM('')
);
#32=(
BOUNDED_CURVE()
B_SPLINE_CURVE(5,(#3029,#3030,#3031,#3032,#3033,#3034,#3035,#3036),
 .UNSPECIFIED.,.F.,.F.)
B_SPLINE_CURVE_WITH_KNOTS((6,1,1,6),(0.475837634419286,0.6,0.8,1.),
 .UNSPECIFIED.)
CURVE()
GEOMETRIC_REPRESENTATION_ITEM()
RATIONAL_B_SPLINE_CURVE((1.,1.,1.,1.,1.,1.,1.,1.))
REPRESENTATION_ITEM('')
);
#33=(
BOUNDED_CURVE()
B_SPLINE_CURVE(5,(#3059,#3060,#3061,#3062,#3063,#3064,#3065,#3066,#3067,
#3068),.UNSPECIFIED.,.F.,.F.)
B_SPLINE_CURVE_WITH_KNOTS((6,1,1,1,1,6),(0.,0.2,0.4,0.6,0.8,1.),
 .UNSPECIFIED.)
CURVE()
GEOMETRIC_REPRESENTATION_ITEM()
RATIONAL_B_SPLINE_CURVE((1.,1.,1.,1.,1.,1.,1.,1.,1.,1.))
REPRESENTATION_ITEM('')
);
#34=(
BOUNDED_CURVE()
B_SPLINE_CURVE(5,(#3070,#3071,#3072,#3073,#3074,#3075,#3076,#3077,#3078,
#3079),.UNSPECIFIED.,.F.,.F.)
B_SPLINE_CURVE_WITH_KNOTS((6,1,1,1,1,6),(0.,0.2,0.4,0.6,0.8,1.),
 .UNSPECIFIED.)
CURVE()
GEOMETRIC_REPRESENTATION_ITEM()
RATIONAL_B_SPLINE_CURVE((1.,1.,1.,1.,1.,1.,1.,1.,1.,1.))
REPRESENTATION_ITEM('')
);
#35=(
BOUNDED_CURVE()
B_SPLINE_CURVE(5,(#3132,#3133,#3134,#3135,#3136,#3137,#3138,#3139,#3140,
#3141),.UNSPECIFIED.,.F.,.F.)
B_SPLINE_CURVE_WITH_KNOTS((6,1,1,1,1,6),(0.,0.2,0.4,0.6,0.8,1.),
 .UNSPECIFIED.)
CURVE()
GEOMETRIC_REPRESENTATION_ITEM()
RATIONAL_B_SPLINE_CURVE((1.,1.,1.,1.,1.,1.,1.,1.,1.,1.))
REPRESENTATION_ITEM('')
);
#36=(
BOUNDED_CURVE()
B_SPLINE_CURVE(5,(#3143,#3144,#3145,#3146,#3147,#3148,#3149,#3150,#3151,
#3152),.UNSPECIFIED.,.F.,.F.)
B_SPLINE_CURVE_WITH_KNOTS((6,1,1,1,1,6),(-1.,-0.8,-0.6,-0.4,-0.2,0.),
 .UNSPECIFIED.)
CURVE()
GEOMETRIC_REPRESENTATION_ITEM()
RATIONAL_B_SPLINE_CURVE((1.,1.,1.,1.,1.,1.,1.,1.,1.,1.))
REPRESENTATION_ITEM('')
);
#37=(
BOUNDED_CURVE()
B_SPLINE_CURVE(5,(#3171,#3172,#3173,#3174,#3175,#3176,#3177,#3178),
 .UNSPECIFIED.,.F.,.F.)
B_SPLINE_CURVE_WITH_KNOTS((6,1,1,6),(0.475837634419286,0.6,0.8,1.),
 .UNSPECIFIED.)
CURVE()
GEOMETRIC_REPRESENTATION_ITEM()
RATIONAL_B_SPLINE_CURVE((1.,1.,1.,1.,1.,1.,1.,1.))
REPRESENTATION_ITEM('')
);
#38=(
BOUNDED_CURVE()
B_SPLINE_CURVE(5,(#3180,#3181,#3182,#3183,#3184,#3185,#3186,#3187),
 .UNSPECIFIED.,.F.,.F.)
B_SPLINE_CURVE_WITH_KNOTS((6,1,1,6),(-1.,-0.8,-0.6,-0.475837634419286),
 .UNSPECIFIED.)
CURVE()
GEOMETRIC_REPRESENTATION_ITEM()
RATIONAL_B_SPLINE_CURVE((1.,1.,1.,1.,1.,1.,1.,1.))
REPRESENTATION_ITEM('')
);
#39=(
BOUNDED_CURVE()
B_SPLINE_CURVE(5,(#3216,#3217,#3218,#3219,#3220,#3221,#3222,#3223,#3224,
#3225),.UNSPECIFIED.,.F.,.F.)
B_SPLINE_CURVE_WITH_KNOTS((6,1,1,1,1,6),(0.,0.2,0.4,0.6,0.8,1.),
 .UNSPECIFIED.)
CURVE()
GEOMETRIC_REPRESENTATION_ITEM()
RATIONAL_B_SPLINE_CURVE((1.,1.,1.,1.,1.,1.,1.,1.,1.,1.))
REPRESENTATION_ITEM('')
);
#40=(
BOUNDED_CURVE()
B_SPLINE_CURVE(5,(#3227,#3228,#3229,#3230,#3231,#3232,#3233,#3234,#3235,
#3236),.UNSPECIFIED.,.F.,.F.)
B_SPLINE_CURVE_WITH_KNOTS((6,1,1,1,1,6),(0.,0.2,0.4,0.6,0.8,1.),
 .UNSPECIFIED.)
CURVE()
GEOMETRIC_REPRESENTATION_ITEM()
RATIONAL_B_SPLINE_CURVE((1.,1.,1.,1.,1.,1.,1.,1.,1.,1.))
REPRESENTATION_ITEM('')
);
#41=(
BOUNDED_CURVE()
B_SPLINE_CURVE(5,(#3271,#3272,#3273,#3274,#3275,#3276,#3277,#3278,#3279,
#3280),.UNSPECIFIED.,.F.,.F.)
B_SPLINE_CURVE_WITH_KNOTS((6,1,1,1,1,6),(0.,0.2,0.4,0.6,0.8,1.),
 .UNSPECIFIED.)
CURVE()
GEOMETRIC_REPRESENTATION_ITEM()
RATIONAL_B_SPLINE_CURVE((1.,1.,1.,1.,1.,1.,1.,1.,1.,1.))
REPRESENTATION_ITEM('')
);
#42=(
BOUNDED_CURVE()
B_SPLINE_CURVE(5,(#3282,#3283,#3284,#3285,#3286,#3287,#3288,#3289,#3290,
#3291),.UNSPECIFIED.,.F.,.F.)
B_SPLINE_CURVE_WITH_KNOTS((6,1,1,1,1,6),(0.,0.2,0.4,0.6,0.8,1.),
 .UNSPECIFIED.)
CURVE()
GEOMETRIC_REPRESENTATION_ITEM()
RATIONAL_B_SPLINE_CURVE((1.,1.,1.,1.,1.,1.,1.,1.,1.,1.))
REPRESENTATION_ITEM('')
);
#43=(
BOUNDED_CURVE()
B_SPLINE_CURVE(5,(#3326,#3327,#3328,#3329,#3330,#3331,#3332,#3333,#3334,
#3335),.UNSPECIFIED.,.F.,.F.)
B_SPLINE_CURVE_WITH_KNOTS((6,1,1,1,1,6),(0.,0.2,0.4,0.6,0.8,1.),
 .UNSPECIFIED.)
CURVE()
GEOMETRIC_REPRESENTATION_ITEM()
RATIONAL_B_SPLINE_CURVE((1.,1.,1.,1.,1.,1.,1.,1.,1.,1.))
REPRESENTATION_ITEM('')
);
#44=(
BOUNDED_CURVE()
B_SPLINE_CURVE(5,(#3337,#3338,#3339,#3340,#3341,#3342,#3343,#3344,#3345,
#3346),.UNSPECIFIED.,.F.,.F.)
B_SPLINE_CURVE_WITH_KNOTS((6,1,1,1,1,6),(0.,0.2,0.4,0.6,0.8,1.),
 .UNSPECIFIED.)
CURVE()
GEOMETRIC_REPRESENTATION_ITEM()
RATIONAL_B_SPLINE_CURVE((1.,1.,1.,1.,1.,1.,1.,1.,1.,1.))
REPRESENTATION_ITEM('')
);
#45=(
BOUNDED_CURVE()
B_SPLINE_CURVE(5,(#3375,#3376,#3377,#3378,#3379,#3380,#3381,#3382,#3383,
#3384),.UNSPECIFIED.,.F.,.F.)
B_SPLINE_CURVE_WITH_KNOTS((6,1,1,1,1,6),(0.,0.2,0.4,0.6,0.8,1.),
 .UNSPECIFIED.)
CURVE()
GEOMETRIC_REPRESENTATION_ITEM()
RATIONAL_B_SPLINE_CURVE((1.,1.,1.,1.,1.,1.,1.,1.,1.,1.))
REPRESENTATION_ITEM('')
);
#46=(
BOUNDED_CURVE()
B_SPLINE_CURVE(5,(#3386,#3387,#3388,#3389,#3390,#3391,#3392,#3393,#3394,
#3395),.UNSPECIFIED.,.F.,.F.)
B_SPLINE_CURVE_WITH_KNOTS((6,1,1,1,1,6),(-1.,-0.8,-0.6,-0.4,-0.2,0.),
 .UNSPECIFIED.)
CURVE()
GEOMETRIC_REPRESENTATION_ITEM()
RATIONAL_B_SPLINE_CURVE((1.,1.,1.,1.,1.,1.,1.,1.,1.,1.))
REPRESENTATION_ITEM('')
);
#47=(
BOUNDED_CURVE()
B_SPLINE_CURVE(5,(#3430,#3431,#3432,#3433,#3434,#3435,#3436,#3437,#3438,
#3439),.UNSPECIFIED.,.F.,.F.)
B_SPLINE_CURVE_WITH_KNOTS((6,1,1,1,1,6),(0.,0.2,0.4,0.6,0.8,1.),
 .UNSPECIFIED.)
CURVE()
GEOMETRIC_REPRESENTATION_ITEM()
RATIONAL_B_SPLINE_CURVE((1.,1.,1.,1.,1.,1.,1.,1.,1.,1.))
REPRESENTATION_ITEM('')
);
#48=(
BOUNDED_CURVE()
B_SPLINE_CURVE(5,(#3441,#3442,#3443,#3444,#3445,#3446,#3447,#3448,#3449,
#3450),.UNSPECIFIED.,.F.,.F.)
B_SPLINE_CURVE_WITH_KNOTS((6,1,1,1,1,6),(-1.,-0.8,-0.6,-0.4,-0.2,0.),
 .UNSPECIFIED.)
CURVE()
GEOMETRIC_REPRESENTATION_ITEM()
RATIONAL_B_SPLINE_CURVE((1.,1.,1.,1.,1.,1.,1.,1.,1.,1.))
REPRESENTATION_ITEM('')
);
#49=(
BOUNDED_CURVE()
B_SPLINE_CURVE(5,(#3485,#3486,#3487,#3488,#3489,#3490,#3491,#3492,#3493,
#3494),.UNSPECIFIED.,.F.,.F.)
B_SPLINE_CURVE_WITH_KNOTS((6,1,1,1,1,6),(0.,0.2,0.4,0.6,0.8,1.),
 .UNSPECIFIED.)
CURVE()
GEOMETRIC_REPRESENTATION_ITEM()
RATIONAL_B_SPLINE_CURVE((1.,1.,1.,1.,1.,1.,1.,1.,1.,1.))
REPRESENTATION_ITEM('')
);
#50=(
BOUNDED_CURVE()
B_SPLINE_CURVE(5,(#3496,#3497,#3498,#3499,#3500,#3501,#3502,#3503,#3504,
#3505),.UNSPECIFIED.,.F.,.F.)
B_SPLINE_CURVE_WITH_KNOTS((6,1,1,1,1,6),(-1.,-0.8,-0.6,-0.4,-0.2,0.),
 .UNSPECIFIED.)
CURVE()
GEOMETRIC_REPRESENTATION_ITEM()
RATIONAL_B_SPLINE_CURVE((1.,1.,1.,1.,1.,1.,1.,1.,1.,1.))
REPRESENTATION_ITEM('')
);
#51=(
BOUNDED_CURVE()
B_SPLINE_CURVE(5,(#3530,#3531,#3532,#3533,#3534,#3535,#3536,#3537),
 .UNSPECIFIED.,.F.,.F.)
B_SPLINE_CURVE_WITH_KNOTS((6,1,1,6),(0.475837634419286,0.6,0.8,1.),
 .UNSPECIFIED.)
CURVE()
GEOMETRIC_REPRESENTATION_ITEM()
RATIONAL_B_SPLINE_CURVE((1.,1.,1.,1.,1.,1.,1.,1.))
REPRESENTATION_ITEM('')
);
#52=(
BOUNDED_CURVE()
B_SPLINE_CURVE(5,(#3539,#3540,#3541,#3542,#3543,#3544,#3545,#3546),
 .UNSPECIFIED.,.F.,.F.)
B_SPLINE_CURVE_WITH_KNOTS((6,1,1,6),(0.475837634419286,0.6,0.8,1.),
 .UNSPECIFIED.)
CURVE()
GEOMETRIC_REPRESENTATION_ITEM()
RATIONAL_B_SPLINE_CURVE((1.,1.,1.,1.,1.,1.,1.,1.))
REPRESENTATION_ITEM('')
);
#53=(
BOUNDED_CURVE()
B_SPLINE_CURVE(5,(#3569,#3570,#3571,#3572,#3573,#3574,#3575,#3576,#3577,
#3578),.UNSPECIFIED.,.F.,.F.)
B_SPLINE_CURVE_WITH_KNOTS((6,1,1,1,1,6),(0.,0.2,0.4,0.6,0.8,1.),
 .UNSPECIFIED.)
CURVE()
GEOMETRIC_REPRESENTATION_ITEM()
RATIONAL_B_SPLINE_CURVE((1.,1.,1.,1.,1.,1.,1.,1.,1.,1.))
REPRESENTATION_ITEM('')
);
#54=(
BOUNDED_CURVE()
B_SPLINE_CURVE(5,(#3580,#3581,#3582,#3583,#3584,#3585,#3586,#3587,#3588,
#3589),.UNSPECIFIED.,.F.,.F.)
B_SPLINE_CURVE_WITH_KNOTS((6,1,1,1,1,6),(0.,0.2,0.4,0.6,0.8,1.),
 .UNSPECIFIED.)
CURVE()
GEOMETRIC_REPRESENTATION_ITEM()
RATIONAL_B_SPLINE_CURVE((1.,1.,1.,1.,1.,1.,1.,1.,1.,1.))
REPRESENTATION_ITEM('')
);
#55=(
BOUNDED_SURFACE()
B_SPLINE_SURFACE(5,1,((#2601,#2602),(#2603,#2604),(#2605,#2606),(#2607,
#2608),(#2609,#2610),(#2611,#2612),(#2613,#2614),(#2615,#2616),(#2617,#2618),
(#2619,#2620)),.UNSPECIFIED.,.F.,.F.,.F.)
B_SPLINE_SURFACE_WITH_KNOTS((6,1,1,1,1,6),(2,2),(-1.,-0.8,-0.6,-0.4,-0.2,
0.),(0.,0.4),.UNSPECIFIED.)
GEOMETRIC_REPRESENTATION_ITEM()
RATIONAL_B_SPLINE_SURFACE(((1.,1.),(1.,1.),(1.,1.),(1.,1.),(1.,1.),(1.,
1.),(1.,1.),(1.,1.),(1.,1.),(1.,1.)))
REPRESENTATION_ITEM('')
SURFACE()
);
#56=(
BOUNDED_SURFACE()
B_SPLINE_SURFACE(5,1,((#2644,#2645),(#2646,#2647),(#2648,#2649),(#2650,
#2651),(#2652,#2653),(#2654,#2655),(#2656,#2657),(#2658,#2659)),
 .UNSPECIFIED.,.F.,.F.,.F.)
B_SPLINE_SURFACE_WITH_KNOTS((6,1,1,6),(2,2),(-1.,-0.8,-0.6,-0.475837634419286),
(0.,0.4),.UNSPECIFIED.)
GEOMETRIC_REPRESENTATION_ITEM()
RATIONAL_B_SPLINE_SURFACE(((1.,1.),(1.,1.),(1.,1.),(1.,1.),(1.,1.),(1.,
1.),(1.,1.),(1.,1.)))
REPRESENTATION_ITEM('')
SURFACE()
);
#57=(
BOUNDED_SURFACE()
B_SPLINE_SURFACE(5,1,((#2685,#2686),(#2687,#2688),(#2689,#2690),(#2691,
#2692),(#2693,#2694),(#2695,#2696),(#2697,#2698),(#2699,#2700),(#2701,#2702),
(#2703,#2704)),.UNSPECIFIED.,.F.,.F.,.F.)
B_SPLINE_SURFACE_WITH_KNOTS((6,1,1,1,1,6),(2,2),(0.,0.2,0.4,0.6,0.8,1.),
(0.,0.4),.UNSPECIFIED.)
GEOMETRIC_REPRESENTATION_ITEM()
RATIONAL_B_SPLINE_SURFACE(((1.,1.),(1.,1.),(1.,1.),(1.,1.),(1.,1.),(1.,
1.),(1.,1.),(1.,1.),(1.,1.),(1.,1.)))
REPRESENTATION_ITEM('')
SURFACE()
);
#58=(
BOUNDED_SURFACE()
B_SPLINE_SURFACE(5,1,((#2740,#2741),(#2742,#2743),(#2744,#2745),(#2746,
#2747),(#2748,#2749),(#2750,#2751),(#2752,#2753),(#2754,#2755),(#2756,#2757),
(#2758,#2759)),.UNSPECIFIED.,.F.,.F.,.F.)
B_SPLINE_SURFACE_WITH_KNOTS((6,1,1,1,1,6),(2,2),(0.,0.2,0.4,0.6,0.8,1.),
(0.,0.4),.UNSPECIFIED.)
GEOMETRIC_REPRESENTATION_ITEM()
RATIONAL_B_SPLINE_SURFACE(((1.,1.),(1.,1.),(1.,1.),(1.,1.),(1.,1.),(1.,
1.),(1.,1.),(1.,1.),(1.,1.),(1.,1.)))
REPRESENTATION_ITEM('')
SURFACE()
);
#59=(
BOUNDED_SURFACE()
B_SPLINE_SURFACE(5,1,((#2795,#2796),(#2797,#2798),(#2799,#2800),(#2801,
#2802),(#2803,#2804),(#2805,#2806),(#2807,#2808),(#2809,#2810),(#2811,#2812),
(#2813,#2814)),.UNSPECIFIED.,.F.,.F.,.F.)
B_SPLINE_SURFACE_WITH_KNOTS((6,1,1,1,1,6),(2,2),(0.,0.2,0.4,0.6,0.8,1.),
(0.,0.4),.UNSPECIFIED.)
GEOMETRIC_REPRESENTATION_ITEM()
RATIONAL_B_SPLINE_SURFACE(((1.,1.),(1.,1.),(1.,1.),(1.,1.),(1.,1.),(1.,
1.),(1.,1.),(1.,1.),(1.,1.),(1.,1.)))
REPRESENTATION_ITEM('')
SURFACE()
);
#60=(
BOUNDED_SURFACE()
B_SPLINE_SURFACE(5,1,((#2844,#2845),(#2846,#2847),(#2848,#2849),(#2850,
#2851),(#2852,#2853),(#2854,#2855),(#2856,#2857),(#2858,#2859),(#2860,#2861),
(#2862,#2863)),.UNSPECIFIED.,.F.,.F.,.F.)
B_SPLINE_SURFACE_WITH_KNOTS((6,1,1,1,1,6),(2,2),(-1.,-0.8,-0.6,-0.4,-0.2,
0.),(0.,0.4),.UNSPECIFIED.)
GEOMETRIC_REPRESENTATION_ITEM()
RATIONAL_B_SPLINE_SURFACE(((1.,1.),(1.,1.),(1.,1.),(1.,1.),(1.,1.),(1.,
1.),(1.,1.),(1.,1.),(1.,1.),(1.,1.)))
REPRESENTATION_ITEM('')
SURFACE()
);
#61=(
BOUNDED_SURFACE()
B_SPLINE_SURFACE(5,1,((#2899,#2900),(#2901,#2902),(#2903,#2904),(#2905,
#2906),(#2907,#2908),(#2909,#2910),(#2911,#2912),(#2913,#2914),(#2915,#2916),
(#2917,#2918)),.UNSPECIFIED.,.F.,.F.,.F.)
B_SPLINE_SURFACE_WITH_KNOTS((6,1,1,1,1,6),(2,2),(-1.,-0.8,-0.6,-0.4,-0.2,
0.),(0.,0.4),.UNSPECIFIED.)
GEOMETRIC_REPRESENTATION_ITEM()
RATIONAL_B_SPLINE_SURFACE(((1.,1.),(1.,1.),(1.,1.),(1.,1.),(1.,1.),(1.,
1.),(1.,1.),(1.,1.),(1.,1.),(1.,1.)))
REPRESENTATION_ITEM('')
SURFACE()
);
#62=(
BOUNDED_SURFACE()
B_SPLINE_SURFACE(5,1,((#2954,#2955),(#2956,#2957),(#2958,#2959),(#2960,
#2961),(#2962,#2963),(#2964,#2965),(#2966,#2967),(#2968,#2969),(#2970,#2971),
(#2972,#2973)),.UNSPECIFIED.,.F.,.F.,.F.)
B_SPLINE_SURFACE_WITH_KNOTS((6,1,1,1,1,6),(2,2),(-1.,-0.8,-0.6,-0.4,-0.2,
0.),(0.,0.4),.UNSPECIFIED.)
GEOMETRIC_REPRESENTATION_ITEM()
RATIONAL_B_SPLINE_SURFACE(((1.,1.),(1.,1.),(1.,1.),(1.,1.),(1.,1.),(1.,
1.),(1.,1.),(1.,1.),(1.,1.),(1.,1.)))
REPRESENTATION_ITEM('')
SURFACE()
);
#63=(
BOUNDED_SURFACE()
B_SPLINE_SURFACE(5,1,((#3003,#3004),(#3005,#3006),(#3007,#3008),(#3009,
#3010),(#3011,#3012),(#3013,#3014),(#3015,#3016),(#3017,#3018)),
 .UNSPECIFIED.,.F.,.F.,.F.)
B_SPLINE_SURFACE_WITH_KNOTS((6,1,1,6),(2,2),(0.475837634419286,0.6,0.8,
1.),(0.,0.4),.UNSPECIFIED.)
GEOMETRIC_REPRESENTATION_ITEM()
RATIONAL_B_SPLINE_SURFACE(((1.,1.),(1.,1.),(1.,1.),(1.,1.),(1.,1.),(1.,
1.),(1.,1.),(1.,1.)))
REPRESENTATION_ITEM('')
SURFACE()
);
#64=(
BOUNDED_SURFACE()
B_SPLINE_SURFACE(5,1,((#3038,#3039),(#3040,#3041),(#3042,#3043),(#3044,
#3045),(#3046,#3047),(#3048,#3049),(#3050,#3051),(#3052,#3053),(#3054,#3055),
(#3056,#3057)),.UNSPECIFIED.,.F.,.F.,.F.)
B_SPLINE_SURFACE_WITH_KNOTS((6,1,1,1,1,6),(2,2),(0.,0.2,0.4,0.6,0.8,1.),
(0.,0.4),.UNSPECIFIED.)
GEOMETRIC_REPRESENTATION_ITEM()
RATIONAL_B_SPLINE_SURFACE(((1.,1.),(1.,1.),(1.,1.),(1.,1.),(1.,1.),(1.,
1.),(1.,1.),(1.,1.),(1.,1.),(1.,1.)))
REPRESENTATION_ITEM('')
SURFACE()
);
#65=(
BOUNDED_SURFACE()
B_SPLINE_SURFACE(5,1,((#3111,#3112),(#3113,#3114),(#3115,#3116),(#3117,
#3118),(#3119,#3120),(#3121,#3122),(#3123,#3124),(#3125,#3126),(#3127,#3128),
(#3129,#3130)),.UNSPECIFIED.,.F.,.F.,.F.)
B_SPLINE_SURFACE_WITH_KNOTS((6,1,1,1,1,6),(2,2),(-1.,-0.8,-0.6,-0.4,-0.2,
0.),(0.,0.4),.UNSPECIFIED.)
GEOMETRIC_REPRESENTATION_ITEM()
RATIONAL_B_SPLINE_SURFACE(((1.,1.),(1.,1.),(1.,1.),(1.,1.),(1.,1.),(1.,
1.),(1.,1.),(1.,1.),(1.,1.),(1.,1.)))
REPRESENTATION_ITEM('')
SURFACE()
);
#66=(
BOUNDED_SURFACE()
B_SPLINE_SURFACE(5,1,((#3154,#3155),(#3156,#3157),(#3158,#3159),(#3160,
#3161),(#3162,#3163),(#3164,#3165),(#3166,#3167),(#3168,#3169)),
 .UNSPECIFIED.,.F.,.F.,.F.)
B_SPLINE_SURFACE_WITH_KNOTS((6,1,1,6),(2,2),(-1.,-0.8,-0.6,-0.475837634419286),
(0.,0.4),.UNSPECIFIED.)
GEOMETRIC_REPRESENTATION_ITEM()
RATIONAL_B_SPLINE_SURFACE(((1.,1.),(1.,1.),(1.,1.),(1.,1.),(1.,1.),(1.,
1.),(1.,1.),(1.,1.)))
REPRESENTATION_ITEM('')
SURFACE()
);
#67=(
BOUNDED_SURFACE()
B_SPLINE_SURFACE(5,1,((#3195,#3196),(#3197,#3198),(#3199,#3200),(#3201,
#3202),(#3203,#3204),(#3205,#3206),(#3207,#3208),(#3209,#3210),(#3211,#3212),
(#3213,#3214)),.UNSPECIFIED.,.F.,.F.,.F.)
B_SPLINE_SURFACE_WITH_KNOTS((6,1,1,1,1,6),(2,2),(0.,0.2,0.4,0.6,0.8,1.),
(0.,0.4),.UNSPECIFIED.)
GEOMETRIC_REPRESENTATION_ITEM()
RATIONAL_B_SPLINE_SURFACE(((1.,1.),(1.,1.),(1.,1.),(1.,1.),(1.,1.),(1.,
1.),(1.,1.),(1.,1.),(1.,1.),(1.,1.)))
REPRESENTATION_ITEM('')
SURFACE()
);
#68=(
BOUNDED_SURFACE()
B_SPLINE_SURFACE(5,1,((#3250,#3251),(#3252,#3253),(#3254,#3255),(#3256,
#3257),(#3258,#3259),(#3260,#3261),(#3262,#3263),(#3264,#3265),(#3266,#3267),
(#3268,#3269)),.UNSPECIFIED.,.F.,.F.,.F.)
B_SPLINE_SURFACE_WITH_KNOTS((6,1,1,1,1,6),(2,2),(0.,0.2,0.4,0.6,0.8,1.),
(0.,0.4),.UNSPECIFIED.)
GEOMETRIC_REPRESENTATION_ITEM()
RATIONAL_B_SPLINE_SURFACE(((1.,1.),(1.,1.),(1.,1.),(1.,1.),(1.,1.),(1.,
1.),(1.,1.),(1.,1.),(1.,1.),(1.,1.)))
REPRESENTATION_ITEM('')
SURFACE()
);
#69=(
BOUNDED_SURFACE()
B_SPLINE_SURFACE(5,1,((#3305,#3306),(#3307,#3308),(#3309,#3310),(#3311,
#3312),(#3313,#3314),(#3315,#3316),(#3317,#3318),(#3319,#3320),(#3321,#3322),
(#3323,#3324)),.UNSPECIFIED.,.F.,.F.,.F.)
B_SPLINE_SURFACE_WITH_KNOTS((6,1,1,1,1,6),(2,2),(0.,0.2,0.4,0.6,0.8,1.),
(0.,0.4),.UNSPECIFIED.)
GEOMETRIC_REPRESENTATION_ITEM()
RATIONAL_B_SPLINE_SURFACE(((1.,1.),(1.,1.),(1.,1.),(1.,1.),(1.,1.),(1.,
1.),(1.,1.),(1.,1.),(1.,1.),(1.,1.)))
REPRESENTATION_ITEM('')
SURFACE()
);
#70=(
BOUNDED_SURFACE()
B_SPLINE_SURFACE(5,1,((#3354,#3355),(#3356,#3357),(#3358,#3359),(#3360,
#3361),(#3362,#3363),(#3364,#3365),(#3366,#3367),(#3368,#3369),(#3370,#3371),
(#3372,#3373)),.UNSPECIFIED.,.F.,.F.,.F.)
B_SPLINE_SURFACE_WITH_KNOTS((6,1,1,1,1,6),(2,2),(-1.,-0.8,-0.6,-0.4,-0.2,
0.),(0.,0.4),.UNSPECIFIED.)
GEOMETRIC_REPRESENTATION_ITEM()
RATIONAL_B_SPLINE_SURFACE(((1.,1.),(1.,1.),(1.,1.),(1.,1.),(1.,1.),(1.,
1.),(1.,1.),(1.,1.),(1.,1.),(1.,1.)))
REPRESENTATION_ITEM('')
SURFACE()
);
#71=(
BOUNDED_SURFACE()
B_SPLINE_SURFACE(5,1,((#3409,#3410),(#3411,#3412),(#3413,#3414),(#3415,
#3416),(#3417,#3418),(#3419,#3420),(#3421,#3422),(#3423,#3424),(#3425,#3426),
(#3427,#3428)),.UNSPECIFIED.,.F.,.F.,.F.)
B_SPLINE_SURFACE_WITH_KNOTS((6,1,1,1,1,6),(2,2),(-1.,-0.8,-0.6,-0.4,-0.2,
0.),(0.,0.4),.UNSPECIFIED.)
GEOMETRIC_REPRESENTATION_ITEM()
RATIONAL_B_SPLINE_SURFACE(((1.,1.),(1.,1.),(1.,1.),(1.,1.),(1.,1.),(1.,
1.),(1.,1.),(1.,1.),(1.,1.),(1.,1.)))
REPRESENTATION_ITEM('')
SURFACE()
);
#72=(
BOUNDED_SURFACE()
B_SPLINE_SURFACE(5,1,((#3464,#3465),(#3466,#3467),(#3468,#3469),(#3470,
#3471),(#3472,#3473),(#3474,#3475),(#3476,#3477),(#3478,#3479),(#3480,#3481),
(#3482,#3483)),.UNSPECIFIED.,.F.,.F.,.F.)
B_SPLINE_SURFACE_WITH_KNOTS((6,1,1,1,1,6),(2,2),(-1.,-0.8,-0.6,-0.4,-0.2,
0.),(0.,0.4),.UNSPECIFIED.)
GEOMETRIC_REPRESENTATION_ITEM()
RATIONAL_B_SPLINE_SURFACE(((1.,1.),(1.,1.),(1.,1.),(1.,1.),(1.,1.),(1.,
1.),(1.,1.),(1.,1.),(1.,1.),(1.,1.)))
REPRESENTATION_ITEM('')
SURFACE()
);
#73=(
BOUNDED_SURFACE()
B_SPLINE_SURFACE(5,1,((#3513,#3514),(#3515,#3516),(#3517,#3518),(#3519,
#3520),(#3521,#3522),(#3523,#3524),(#3525,#3526),(#3527,#3528)),
 .UNSPECIFIED.,.F.,.F.,.F.)
B_SPLINE_SURFACE_WITH_KNOTS((6,1,1,6),(2,2),(0.475837634419286,0.6,0.8,
1.),(0.,0.4),.UNSPECIFIED.)
GEOMETRIC_REPRESENTATION_ITEM()
RATIONAL_B_SPLINE_SURFACE(((1.,1.),(1.,1.),(1.,1.),(1.,1.),(1.,1.),(1.,
1.),(1.,1.),(1.,1.)))
REPRESENTATION_ITEM('')
SURFACE()
);
#74=(
BOUNDED_SURFACE()
B_SPLINE_SURFACE(5,1,((#3548,#3549),(#3550,#3551),(#3552,#3553),(#3554,
#3555),(#3556,#3557),(#3558,#3559),(#3560,#3561),(#3562,#3563),(#3564,#3565),
(#3566,#3567)),.UNSPECIFIED.,.F.,.F.,.F.)
B_SPLINE_SURFACE_WITH_KNOTS((6,1,1,1,1,6),(2,2),(0.,0.2,0.4,0.6,0.8,1.),
(0.,0.4),.UNSPECIFIED.)
GEOMETRIC_REPRESENTATION_ITEM()
RATIONAL_B_SPLINE_SURFACE(((1.,1.),(1.,1.),(1.,1.),(1.,1.),(1.,1.),(1.,
1.),(1.,1.),(1.,1.),(1.,1.),(1.,1.)))
REPRESENTATION_ITEM('')
SURFACE()
);
#75=FACE_BOUND('',#235,.T.);
#76=FACE_BOUND('',#238,.T.);
#77=FACE_BOUND('',#241,.T.);
#78=FACE_BOUND('',#244,.T.);
#79=FACE_BOUND('',#326,.T.);
#80=FACE_BOUND('',#327,.T.);
#81=FACE_BOUND('',#328,.T.);
#82=FACE_BOUND('',#329,.T.);
#83=FACE_BOUND('',#330,.T.);
#84=FACE_BOUND('',#331,.T.);
#85=FACE_BOUND('',#332,.T.);
#86=FACE_BOUND('',#333,.T.);
#87=FACE_BOUND('',#334,.T.);
#88=FACE_BOUND('',#335,.T.);
#89=FACE_BOUND('',#336,.T.);
#90=FACE_BOUND('',#337,.T.);
#91=FACE_BOUND('',#338,.T.);
#92=FACE_BOUND('',#339,.T.);
#93=FACE_BOUND('',#340,.T.);
#94=FACE_BOUND('',#341,.T.);
#95=FACE_BOUND('',#342,.T.);
#96=FACE_BOUND('',#343,.T.);
#97=FACE_BOUND('',#344,.T.);
#98=FACE_BOUND('',#345,.T.);
#99=FACE_BOUND('',#346,.T.);
#100=FACE_BOUND('',#348,.T.);
#101=FACE_BOUND('',#349,.T.);
#102=FACE_BOUND('',#350,.T.);
#103=FACE_BOUND('',#351,.T.);
#104=FACE_BOUND('',#352,.T.);
#105=FACE_BOUND('',#353,.T.);
#106=FACE_BOUND('',#354,.T.);
#107=FACE_BOUND('',#355,.T.);
#108=FACE_BOUND('',#356,.T.);
#109=FACE_BOUND('',#357,.T.);
#110=FACE_BOUND('',#358,.T.);
#111=FACE_BOUND('',#359,.T.);
#112=FACE_BOUND('',#360,.T.);
#113=FACE_BOUND('',#361,.T.);
#114=FACE_BOUND('',#362,.T.);
#115=FACE_BOUND('',#363,.T.);
#116=FACE_BOUND('',#364,.T.);
#117=FACE_BOUND('',#365,.T.);
#118=FACE_BOUND('',#366,.T.);
#119=FACE_BOUND('',#367,.T.);
#120=FACE_BOUND('',#368,.T.);
#121=PLANE('',#1776);
#122=PLANE('',#1781);
#123=PLANE('',#1786);
#124=PLANE('',#1791);
#125=PLANE('',#1793);
#126=PLANE('',#1797);
#127=PLANE('',#1801);
#128=PLANE('',#1805);
#129=PLANE('',#1874);
#130=PLANE('',#1881);
#131=PLANE('',#1882);
#132=PLANE('',#1883);
#133=PLANE('',#1890);
#134=PLANE('',#1900);
#135=PLANE('',#1910);
#136=PLANE('',#1917);
#137=PLANE('',#1918);
#138=PLANE('',#1919);
#139=PLANE('',#1926);
#140=PLANE('',#1936);
#141=PLANE('',#1937);
#142=PLANE('',#1938);
#143=FACE_OUTER_BOUND('',#233,.T.);
#144=FACE_OUTER_BOUND('',#234,.T.);
#145=FACE_OUTER_BOUND('',#236,.T.);
#146=FACE_OUTER_BOUND('',#237,.T.);
#147=FACE_OUTER_BOUND('',#239,.T.);
#148=FACE_OUTER_BOUND('',#240,.T.);
#149=FACE_OUTER_BOUND('',#242,.T.);
#150=FACE_OUTER_BOUND('',#243,.T.);
#151=FACE_OUTER_BOUND('',#245,.T.);
#152=FACE_OUTER_BOUND('',#246,.T.);
#153=FACE_OUTER_BOUND('',#247,.T.);
#154=FACE_OUTER_BOUND('',#248,.T.);
#155=FACE_OUTER_BOUND('',#249,.T.);
#156=FACE_OUTER_BOUND('',#250,.T.);
#157=FACE_OUTER_BOUND('',#251,.T.);
#158=FACE_OUTER_BOUND('',#252,.T.);
#159=FACE_OUTER_BOUND('',#253,.T.);
#160=FACE_OUTER_BOUND('',#254,.T.);
#161=FACE_OUTER_BOUND('',#255,.T.);
#162=FACE_OUTER_BOUND('',#256,.T.);
#163=FACE_OUTER_BOUND('',#257,.T.);
#164=FACE_OUTER_BOUND('',#258,.T.);
#165=FACE_OUTER_BOUND('',#259,.T.);
#166=FACE_OUTER_BOUND('',#260,.T.);
#167=FACE_OUTER_BOUND('',#261,.T.);
#168=FACE_OUTER_BOUND('',#262,.T.);
#169=FACE_OUTER_BOUND('',#263,.T.);
#170=FACE_OUTER_BOUND('',#264,.T.);
#171=FACE_OUTER_BOUND('',#265,.T.);
#172=FACE_OUTER_BOUND('',#266,.T.);
#173=FACE_OUTER_BOUND('',#267,.T.);
#174=FACE_OUTER_BOUND('',#268,.T.);
#175=FACE_OUTER_BOUND('',#269,.T.);
#176=FACE_OUTER_BOUND('',#270,.T.);
#177=FACE_OUTER_BOUND('',#271,.T.);
#178=FACE_OUTER_BOUND('',#272,.T.);
#179=FACE_OUTER_BOUND('',#273,.T.);
#180=FACE_OUTER_BOUND('',#274,.T.);
#181=FACE_OUTER_BOUND('',#275,.T.);
#182=FACE_OUTER_BOUND('',#276,.T.);
#183=FACE_OUTER_BOUND('',#277,.T.);
#184=FACE_OUTER_BOUND('',#278,.T.);
#185=FACE_OUTER_BOUND('',#279,.T.);
#186=FACE_OUTER_BOUND('',#280,.T.);
#187=FACE_OUTER_BOUND('',#281,.T.);
#188=FACE_OUTER_BOUND('',#282,.T.);
#189=FACE_OUTER_BOUND('',#283,.T.);
#190=FACE_OUTER_BOUND('',#284,.T.);
#191=FACE_OUTER_BOUND('',#285,.T.);
#192=FACE_OUTER_BOUND('',#286,.T.);
#193=FACE_OUTER_BOUND('',#287,.T.);
#194=FACE_OUTER_BOUND('',#288,.T.);
#195=FACE_OUTER_BOUND('',#289,.T.);
#196=FACE_OUTER_BOUND('',#290,.T.);
#197=FACE_OUTER_BOUND('',#291,.T.);
#198=FACE_OUTER_BOUND('',#292,.T.);
#199=FACE_OUTER_BOUND('',#293,.T.);
#200=FACE_OUTER_BOUND('',#294,.T.);
#201=FACE_OUTER_BOUND('',#295,.T.);
#202=FACE_OUTER_BOUND('',#296,.T.);
#203=FACE_OUTER_BOUND('',#297,.T.);
#204=FACE_OUTER_BOUND('',#298,.T.);
#205=FACE_OUTER_BOUND('',#299,.T.);
#206=FACE_OUTER_BOUND('',#300,.T.);
#207=FACE_OUTER_BOUND('',#301,.T.);
#208=FACE_OUTER_BOUND('',#302,.T.);
#209=FACE_OUTER_BOUND('',#303,.T.);
#210=FACE_OUTER_BOUND('',#304,.T.);
#211=FACE_OUTER_BOUND('',#305,.T.);
#212=FACE_OUTER_BOUND('',#306,.T.);
#213=FACE_OUTER_BOUND('',#307,.T.);
#214=FACE_OUTER_BOUND('',#308,.T.);
#215=FACE_OUTER_BOUND('',#309,.T.);
#216=FACE_OUTER_BOUND('',#310,.T.);
#217=FACE_OUTER_BOUND('',#311,.T.);
#218=FACE_OUTER_BOUND('',#312,.T.);
#219=FACE_OUTER_BOUND('',#313,.T.);
#220=FACE_OUTER_BOUND('',#314,.T.);
#221=FACE_OUTER_BOUND('',#315,.T.);
#222=FACE_OUTER_BOUND('',#316,.T.);
#223=FACE_OUTER_BOUND('',#317,.T.);
#224=FACE_OUTER_BOUND('',#318,.T.);
#225=FACE_OUTER_BOUND('',#319,.T.);
#226=FACE_OUTER_BOUND('',#320,.T.);
#227=FACE_OUTER_BOUND('',#321,.T.);
#228=FACE_OUTER_BOUND('',#322,.T.);
#229=FACE_OUTER_BOUND('',#323,.T.);
#230=FACE_OUTER_BOUND('',#324,.T.);
#231=FACE_OUTER_BOUND('',#325,.T.);
#232=FACE_OUTER_BOUND('',#347,.T.);
#233=EDGE_LOOP('',(#1117,#1118,#1119,#1120));
#234=EDGE_LOOP('',(#1121));
#235=EDGE_LOOP('',(#1122));
#236=EDGE_LOOP('',(#1123,#1124,#1125,#1126));
#237=EDGE_LOOP('',(#1127));
#238=EDGE_LOOP('',(#1128));
#239=EDGE_LOOP('',(#1129,#1130,#1131,#1132));
#240=EDGE_LOOP('',(#1133));
#241=EDGE_LOOP('',(#1134));
#242=EDGE_LOOP('',(#1135,#1136,#1137,#1138));
#243=EDGE_LOOP('',(#1139));
#244=EDGE_LOOP('',(#1140));
#245=EDGE_LOOP('',(#1141,#1142,#1143,#1144));
#246=EDGE_LOOP('',(#1145,#1146,#1147,#1148));
#247=EDGE_LOOP('',(#1149,#1150,#1151,#1152));
#248=EDGE_LOOP('',(#1153,#1154,#1155,#1156));
#249=EDGE_LOOP('',(#1157,#1158,#1159,#1160));
#250=EDGE_LOOP('',(#1161,#1162,#1163,#1164));
#251=EDGE_LOOP('',(#1165,#1166,#1167,#1168));
#252=EDGE_LOOP('',(#1169,#1170,#1171,#1172));
#253=EDGE_LOOP('',(#1173,#1174,#1175,#1176));
#254=EDGE_LOOP('',(#1177,#1178,#1179,#1180));
#255=EDGE_LOOP('',(#1181,#1182,#1183,#1184));
#256=EDGE_LOOP('',(#1185,#1186,#1187,#1188));
#257=EDGE_LOOP('',(#1189,#1190,#1191,#1192));
#258=EDGE_LOOP('',(#1193,#1194,#1195,#1196));
#259=EDGE_LOOP('',(#1197,#1198,#1199,#1200));
#260=EDGE_LOOP('',(#1201,#1202,#1203,#1204));
#261=EDGE_LOOP('',(#1205,#1206,#1207,#1208));
#262=EDGE_LOOP('',(#1209,#1210,#1211,#1212));
#263=EDGE_LOOP('',(#1213,#1214,#1215,#1216));
#264=EDGE_LOOP('',(#1217,#1218,#1219,#1220));
#265=EDGE_LOOP('',(#1221,#1222,#1223,#1224));
#266=EDGE_LOOP('',(#1225,#1226,#1227,#1228));
#267=EDGE_LOOP('',(#1229,#1230,#1231,#1232));
#268=EDGE_LOOP('',(#1233,#1234,#1235,#1236));
#269=EDGE_LOOP('',(#1237,#1238,#1239,#1240));
#270=EDGE_LOOP('',(#1241,#1242,#1243,#1244));
#271=EDGE_LOOP('',(#1245,#1246,#1247,#1248));
#272=EDGE_LOOP('',(#1249,#1250,#1251,#1252));
#273=EDGE_LOOP('',(#1253,#1254,#1255,#1256));
#274=EDGE_LOOP('',(#1257,#1258,#1259,#1260));
#275=EDGE_LOOP('',(#1261,#1262,#1263,#1264));
#276=EDGE_LOOP('',(#1265,#1266,#1267,#1268));
#277=EDGE_LOOP('',(#1269,#1270,#1271,#1272));
#278=EDGE_LOOP('',(#1273,#1274,#1275,#1276));
#279=EDGE_LOOP('',(#1277,#1278,#1279,#1280));
#280=EDGE_LOOP('',(#1281,#1282,#1283,#1284));
#281=EDGE_LOOP('',(#1285,#1286,#1287,#1288));
#282=EDGE_LOOP('',(#1289,#1290,#1291,#1292));
#283=EDGE_LOOP('',(#1293,#1294,#1295,#1296));
#284=EDGE_LOOP('',(#1297,#1298,#1299,#1300));
#285=EDGE_LOOP('',(#1301,#1302,#1303,#1304));
#286=EDGE_LOOP('',(#1305,#1306,#1307,#1308));
#287=EDGE_LOOP('',(#1309,#1310,#1311,#1312));
#288=EDGE_LOOP('',(#1313,#1314,#1315,#1316));
#289=EDGE_LOOP('',(#1317,#1318,#1319,#1320));
#290=EDGE_LOOP('',(#1321,#1322,#1323,#1324));
#291=EDGE_LOOP('',(#1325,#1326,#1327,#1328));
#292=EDGE_LOOP('',(#1329,#1330,#1331,#1332));
#293=EDGE_LOOP('',(#1333,#1334,#1335,#1336));
#294=EDGE_LOOP('',(#1337,#1338,#1339,#1340));
#295=EDGE_LOOP('',(#1341,#1342,#1343,#1344));
#296=EDGE_LOOP('',(#1345,#1346,#1347,#1348));
#297=EDGE_LOOP('',(#1349,#1350,#1351,#1352));
#298=EDGE_LOOP('',(#1353,#1354,#1355,#1356));
#299=EDGE_LOOP('',(#1357,#1358,#1359,#1360));
#300=EDGE_LOOP('',(#1361,#1362,#1363,#1364));
#301=EDGE_LOOP('',(#1365,#1366,#1367,#1368));
#302=EDGE_LOOP('',(#1369,#1370,#1371,#1372));
#303=EDGE_LOOP('',(#1373,#1374,#1375,#1376));
#304=EDGE_LOOP('',(#1377,#1378,#1379,#1380));
#305=EDGE_LOOP('',(#1381,#1382,#1383,#1384));
#306=EDGE_LOOP('',(#1385,#1386,#1387,#1388));
#307=EDGE_LOOP('',(#1389,#1390,#1391,#1392));
#308=EDGE_LOOP('',(#1393,#1394,#1395,#1396));
#309=EDGE_LOOP('',(#1397,#1398,#1399,#1400));
#310=EDGE_LOOP('',(#1401,#1402,#1403,#1404));
#311=EDGE_LOOP('',(#1405,#1406,#1407,#1408));
#312=EDGE_LOOP('',(#1409,#1410,#1411,#1412));
#313=EDGE_LOOP('',(#1413,#1414,#1415,#1416));
#314=EDGE_LOOP('',(#1417,#1418,#1419,#1420));
#315=EDGE_LOOP('',(#1421,#1422,#1423,#1424));
#316=EDGE_LOOP('',(#1425,#1426,#1427,#1428));
#317=EDGE_LOOP('',(#1429,#1430,#1431,#1432));
#318=EDGE_LOOP('',(#1433,#1434,#1435,#1436));
#319=EDGE_LOOP('',(#1437,#1438,#1439,#1440));
#320=EDGE_LOOP('',(#1441,#1442,#1443,#1444));
#321=EDGE_LOOP('',(#1445,#1446,#1447,#1448));
#322=EDGE_LOOP('',(#1449,#1450,#1451,#1452));
#323=EDGE_LOOP('',(#1453,#1454,#1455,#1456));
#324=EDGE_LOOP('',(#1457,#1458,#1459,#1460));
#325=EDGE_LOOP('',(#1461,#1462,#1463,#1464,#1465,#1466,#1467,#1468,#1469,
#1470,#1471,#1472,#1473,#1474,#1475,#1476,#1477,#1478,#1479,#1480,#1481,
#1482,#1483,#1484,#1485,#1486,#1487,#1488,#1489,#1490,#1491,#1492,#1493,
#1494,#1495,#1496,#1497,#1498,#1499,#1500,#1501,#1502,#1503,#1504,#1505,
#1506,#1507,#1508,#1509,#1510,#1511,#1512));
#326=EDGE_LOOP('',(#1513));
#327=EDGE_LOOP('',(#1514));
#328=EDGE_LOOP('',(#1515));
#329=EDGE_LOOP('',(#1516));
#330=EDGE_LOOP('',(#1517));
#331=EDGE_LOOP('',(#1518));
#332=EDGE_LOOP('',(#1519));
#333=EDGE_LOOP('',(#1520));
#334=EDGE_LOOP('',(#1521));
#335=EDGE_LOOP('',(#1522));
#336=EDGE_LOOP('',(#1523));
#337=EDGE_LOOP('',(#1524));
#338=EDGE_LOOP('',(#1525));
#339=EDGE_LOOP('',(#1526));
#340=EDGE_LOOP('',(#1527));
#341=EDGE_LOOP('',(#1528));
#342=EDGE_LOOP('',(#1529));
#343=EDGE_LOOP('',(#1530));
#344=EDGE_LOOP('',(#1531));
#345=EDGE_LOOP('',(#1532));
#346=EDGE_LOOP('',(#1533,#1534,#1535,#1536,#1537,#1538,#1539,#1540));
#347=EDGE_LOOP('',(#1541,#1542,#1543,#1544,#1545,#1546,#1547,#1548,#1549,
#1550,#1551,#1552,#1553,#1554,#1555,#1556,#1557,#1558,#1559,#1560,#1561,
#1562,#1563,#1564,#1565,#1566,#1567,#1568,#1569,#1570,#1571,#1572,#1573,
#1574,#1575,#1576,#1577,#1578,#1579,#1580,#1581,#1582,#1583,#1584,#1585,
#1586,#1587,#1588,#1589,#1590,#1591,#1592));
#348=EDGE_LOOP('',(#1593));
#349=EDGE_LOOP('',(#1594));
#350=EDGE_LOOP('',(#1595));
#351=EDGE_LOOP('',(#1596));
#352=EDGE_LOOP('',(#1597));
#353=EDGE_LOOP('',(#1598));
#354=EDGE_LOOP('',(#1599));
#355=EDGE_LOOP('',(#1600));
#356=EDGE_LOOP('',(#1601));
#357=EDGE_LOOP('',(#1602));
#358=EDGE_LOOP('',(#1603));
#359=EDGE_LOOP('',(#1604));
#360=EDGE_LOOP('',(#1605));
#361=EDGE_LOOP('',(#1606));
#362=EDGE_LOOP('',(#1607));
#363=EDGE_LOOP('',(#1608));
#364=EDGE_LOOP('',(#1609));
#365=EDGE_LOOP('',(#1610));
#366=EDGE_LOOP('',(#1611));
#367=EDGE_LOOP('',(#1612));
#368=EDGE_LOOP('',(#1613,#1614,#1615,#1616,#1617,#1618,#1619,#1620));
#369=LINE('',#2394,#485);
#370=LINE('',#2403,#486);
#371=LINE('',#2412,#487);
#372=LINE('',#2421,#488);
#373=LINE('',#2429,#489);
#374=LINE('',#2431,#490);
#375=LINE('',#2433,#491);
#376=LINE('',#2434,#492);
#377=LINE('',#2440,#493);
#378=LINE('',#2443,#494);
#379=LINE('',#2445,#495);
#380=LINE('',#2446,#496);
#381=LINE('',#2452,#497);
#382=LINE('',#2455,#498);
#383=LINE('',#2457,#499);
#384=LINE('',#2458,#500);
#385=LINE('',#2464,#501);
#386=LINE('',#2467,#502);
#387=LINE('',#2469,#503);
#388=LINE('',#2470,#504);
#389=LINE('',#2477,#505);
#390=LINE('',#2482,#506);
#391=LINE('',#2488,#507);
#392=LINE('',#2494,#508);
#393=LINE('',#2500,#509);
#394=LINE('',#2506,#510);
#395=LINE('',#2512,#511);
#396=LINE('',#2518,#512);
#397=LINE('',#2524,#513);
#398=LINE('',#2530,#514);
#399=LINE('',#2536,#515);
#400=LINE('',#2542,#516);
#401=LINE('',#2547,#517);
#402=LINE('',#2552,#518);
#403=LINE('',#2558,#519);
#404=LINE('',#2564,#520);
#405=LINE('',#2569,#521);
#406=LINE('',#2574,#522);
#407=LINE('',#2579,#523);
#408=LINE('',#2584,#524);
#409=LINE('',#2591,#525);
#410=LINE('',#2594,#526);
#411=LINE('',#2600,#527);
#412=LINE('',#2643,#528);
#413=LINE('',#2678,#529);
#414=LINE('',#2684,#530);
#415=LINE('',#2727,#531);
#416=LINE('',#2730,#532);
#417=LINE('',#2732,#533);
#418=LINE('',#2733,#534);
#419=LINE('',#2739,#535);
#420=LINE('',#2782,#536);
#421=LINE('',#2788,#537);
#422=LINE('',#2791,#538);
#423=LINE('',#2793,#539);
#424=LINE('',#2794,#540);
#425=LINE('',#2837,#541);
#426=LINE('',#2840,#542);
#427=LINE('',#2842,#543);
#428=LINE('',#2843,#544);
#429=LINE('',#2886,#545);
#430=LINE('',#2889,#546);
#431=LINE('',#2891,#547);
#432=LINE('',#2892,#548);
#433=LINE('',#2898,#549);
#434=LINE('',#2941,#550);
#435=LINE('',#2947,#551);
#436=LINE('',#2950,#552);
#437=LINE('',#2952,#553);
#438=LINE('',#2953,#554);
#439=LINE('',#2996,#555);
#440=LINE('',#3002,#556);
#441=LINE('',#3037,#557);
#442=LINE('',#3080,#558);
#443=LINE('',#3086,#559);
#444=LINE('',#3092,#560);
#445=LINE('',#3095,#561);
#446=LINE('',#3097,#562);
#447=LINE('',#3098,#563);
#448=LINE('',#3104,#564);
#449=LINE('',#3110,#565);
#450=LINE('',#3153,#566);
#451=LINE('',#3188,#567);
#452=LINE('',#3194,#568);
#453=LINE('',#3237,#569);
#454=LINE('',#3240,#570);
#455=LINE('',#3242,#571);
#456=LINE('',#3243,#572);
#457=LINE('',#3249,#573);
#458=LINE('',#3292,#574);
#459=LINE('',#3298,#575);
#460=LINE('',#3301,#576);
#461=LINE('',#3303,#577);
#462=LINE('',#3304,#578);
#463=LINE('',#3347,#579);
#464=LINE('',#3350,#580);
#465=LINE('',#3352,#581);
#466=LINE('',#3353,#582);
#467=LINE('',#3396,#583);
#468=LINE('',#3399,#584);
#469=LINE('',#3401,#585);
#470=LINE('',#3402,#586);
#471=LINE('',#3408,#587);
#472=LINE('',#3451,#588);
#473=LINE('',#3457,#589);
#474=LINE('',#3460,#590);
#475=LINE('',#3462,#591);
#476=LINE('',#3463,#592);
#477=LINE('',#3506,#593);
#478=LINE('',#3512,#594);
#479=LINE('',#3547,#595);
#480=LINE('',#3590,#596);
#481=LINE('',#3596,#597);
#482=LINE('',#3602,#598);
#483=LINE('',#3604,#599);
#484=LINE('',#3605,#600);
#485=VECTOR('',#1945,2.3);
#486=VECTOR('',#1956,2.3);
#487=VECTOR('',#1967,2.3);
#488=VECTOR('',#1978,2.3);
#489=VECTOR('',#1987,10.);
#490=VECTOR('',#1988,10.);
#491=VECTOR('',#1989,10.);
#492=VECTOR('',#1990,10.);
#493=VECTOR('',#1997,10.);
#494=VECTOR('',#2000,10.);
#495=VECTOR('',#2001,10.);
#496=VECTOR('',#2002,10.);
#497=VECTOR('',#2009,10.);
#498=VECTOR('',#2012,10.);
#499=VECTOR('',#2013,10.);
#500=VECTOR('',#2014,10.);
#501=VECTOR('',#2021,10.);
#502=VECTOR('',#2024,10.);
#503=VECTOR('',#2025,10.);
#504=VECTOR('',#2026,10.);
#505=VECTOR('',#2037,1.5);
#506=VECTOR('',#2042,1.5);
#507=VECTOR('',#2049,1.5);
#508=VECTOR('',#2056,2.);
#509=VECTOR('',#2063,2.);
#510=VECTOR('',#2070,1.99999999999999);
#511=VECTOR('',#2077,1.99999999999999);
#512=VECTOR('',#2084,1.99999999999999);
#513=VECTOR('',#2091,1.5);
#514=VECTOR('',#2098,2.);
#515=VECTOR('',#2105,1.5);
#516=VECTOR('',#2112,1.5);
#517=VECTOR('',#2119,1.5);
#518=VECTOR('',#2124,1.5);
#519=VECTOR('',#2131,1.5);
#520=VECTOR('',#2138,1.99999999999999);
#521=VECTOR('',#2145,1.5);
#522=VECTOR('',#2150,2.);
#523=VECTOR('',#2157,1.5);
#524=VECTOR('',#2162,1.5);
#525=VECTOR('',#2169,10.);
#526=VECTOR('',#2172,10.);
#527=VECTOR('',#2179,10.);
#528=VECTOR('',#2180,10.);
#529=VECTOR('',#2181,10.);
#530=VECTOR('',#2188,10.);
#531=VECTOR('',#2189,10.);
#532=VECTOR('',#2192,10.);
#533=VECTOR('',#2193,10.);
#534=VECTOR('',#2194,10.);
#535=VECTOR('',#2201,10.);
#536=VECTOR('',#2202,10.);
#537=VECTOR('',#2209,10.);
#538=VECTOR('',#2212,10.);
#539=VECTOR('',#2213,10.);
#540=VECTOR('',#2214,10.);
#541=VECTOR('',#2215,10.);
#542=VECTOR('',#2218,10.);
#543=VECTOR('',#2219,10.);
#544=VECTOR('',#2220,10.);
#545=VECTOR('',#2221,10.);
#546=VECTOR('',#2224,10.);
#547=VECTOR('',#2225,10.);
#548=VECTOR('',#2226,10.);
#549=VECTOR('',#2233,10.);
#550=VECTOR('',#2234,10.);
#551=VECTOR('',#2241,10.);
#552=VECTOR('',#2244,10.);
#553=VECTOR('',#2245,10.);
#554=VECTOR('',#2246,10.);
#555=VECTOR('',#2247,10.);
#556=VECTOR('',#2254,10.);
#557=VECTOR('',#2255,10.);
#558=VECTOR('',#2256,10.);
#559=VECTOR('',#2263,10.);
#560=VECTOR('',#2270,10.);
#561=VECTOR('',#2273,10.);
#562=VECTOR('',#2274,10.);
#563=VECTOR('',#2275,10.);
#564=VECTOR('',#2282,10.);
#565=VECTOR('',#2289,10.);
#566=VECTOR('',#2290,10.);
#567=VECTOR('',#2291,10.);
#568=VECTOR('',#2298,10.);
#569=VECTOR('',#2299,10.);
#570=VECTOR('',#2302,10.);
#571=VECTOR('',#2303,10.);
#572=VECTOR('',#2304,10.);
#573=VECTOR('',#2311,10.);
#574=VECTOR('',#2312,10.);
#575=VECTOR('',#2319,10.);
#576=VECTOR('',#2322,10.);
#577=VECTOR('',#2323,10.);
#578=VECTOR('',#2324,10.);
#579=VECTOR('',#2325,10.);
#580=VECTOR('',#2328,10.);
#581=VECTOR('',#2329,10.);
#582=VECTOR('',#2330,10.);
#583=VECTOR('',#2331,10.);
#584=VECTOR('',#2334,10.);
#585=VECTOR('',#2335,10.);
#586=VECTOR('',#2336,10.);
#587=VECTOR('',#2343,10.);
#588=VECTOR('',#2344,10.);
#589=VECTOR('',#2351,10.);
#590=VECTOR('',#2354,10.);
#591=VECTOR('',#2355,10.);
#592=VECTOR('',#2356,10.);
#593=VECTOR('',#2357,10.);
#594=VECTOR('',#2364,10.);
#595=VECTOR('',#2365,10.);
#596=VECTOR('',#2366,10.);
#597=VECTOR('',#2373,10.);
#598=VECTOR('',#2380,10.);
#599=VECTOR('',#2383,10.);
#600=VECTOR('',#2384,10.);
#601=CIRCLE('',#1774,2.3);
#602=CIRCLE('',#1775,2.3);
#603=CIRCLE('',#1777,1.5);
#604=CIRCLE('',#1779,2.3);
#605=CIRCLE('',#1780,2.3);
#606=CIRCLE('',#1782,1.5);
#607=CIRCLE('',#1784,2.3);
#608=CIRCLE('',#1785,2.3);
#609=CIRCLE('',#1787,1.5);
#610=CIRCLE('',#1789,2.3);
#611=CIRCLE('',#1790,2.3);
#612=CIRCLE('',#1792,1.5);
#613=CIRCLE('',#1795,9.99999999999999);
#614=CIRCLE('',#1796,9.99999999999999);
#615=CIRCLE('',#1799,9.99999999999999);
#616=CIRCLE('',#1800,9.99999999999999);
#617=CIRCLE('',#1803,9.99999999999997);
#618=CIRCLE('',#1804,9.99999999999997);
#619=CIRCLE('',#1807,9.99999999999999);
#620=CIRCLE('',#1808,9.99999999999999);
#621=CIRCLE('',#1810,1.5);
#622=CIRCLE('',#1812,1.5);
#623=CIRCLE('',#1813,1.5);
#624=CIRCLE('',#1815,1.5);
#625=CIRCLE('',#1816,1.5);
#626=CIRCLE('',#1818,2.);
#627=CIRCLE('',#1819,2.);
#628=CIRCLE('',#1821,2.);
#629=CIRCLE('',#1822,2.);
#630=CIRCLE('',#1824,1.99999999999999);
#631=CIRCLE('',#1825,1.99999999999999);
#632=CIRCLE('',#1827,1.99999999999999);
#633=CIRCLE('',#1828,1.99999999999999);
#634=CIRCLE('',#1830,1.99999999999999);
#635=CIRCLE('',#1831,1.99999999999999);
#636=CIRCLE('',#1833,1.5);
#637=CIRCLE('',#1834,1.5);
#638=CIRCLE('',#1836,2.);
#639=CIRCLE('',#1837,2.);
#640=CIRCLE('',#1839,1.5);
#641=CIRCLE('',#1840,1.5);
#642=CIRCLE('',#1842,1.5);
#643=CIRCLE('',#1843,1.5);
#644=CIRCLE('',#1845,1.5);
#645=CIRCLE('',#1847,1.5);
#646=CIRCLE('',#1848,1.5);
#647=CIRCLE('',#1850,1.5);
#648=CIRCLE('',#1851,1.5);
#649=CIRCLE('',#1853,1.99999999999999);
#650=CIRCLE('',#1854,1.99999999999999);
#651=CIRCLE('',#1856,1.5);
#652=CIRCLE('',#1858,2.);
#653=CIRCLE('',#1859,2.);
#654=CIRCLE('',#1861,1.5);
#655=CIRCLE('',#1863,1.5);
#656=CIRCLE('',#1864,1.5);
#657=CIRCLE('',#1866,2.);
#658=CIRCLE('',#1867,2.);
#659=CIRCLE('',#1869,2.75);
#660=CIRCLE('',#1870,2.75);
#661=CIRCLE('',#1872,30.6968582685941);
#662=CIRCLE('',#1873,30.6968582685941);
#663=CIRCLE('',#1876,2.75);
#664=CIRCLE('',#1877,2.75);
#665=CIRCLE('',#1879,9.);
#666=CIRCLE('',#1880,9.);
#667=CIRCLE('',#1885,8.99999999999999);
#668=CIRCLE('',#1886,8.99999999999999);
#669=CIRCLE('',#1888,2.75);
#670=CIRCLE('',#1889,2.75);
#671=CIRCLE('',#1892,30.6968582685941);
#672=CIRCLE('',#1893,30.6968582685941);
#673=CIRCLE('',#1895,2.75);
#674=CIRCLE('',#1896,2.75);
#675=CIRCLE('',#1898,2.);
#676=CIRCLE('',#1899,2.);
#677=CIRCLE('',#1902,2.);
#678=CIRCLE('',#1903,2.);
#679=CIRCLE('',#1905,2.75);
#680=CIRCLE('',#1906,2.75);
#681=CIRCLE('',#1908,30.6968582685941);
#682=CIRCLE('',#1909,30.6968582685941);
#683=CIRCLE('',#1912,2.75);
#684=CIRCLE('',#1913,2.75);
#685=CIRCLE('',#1915,9.);
#686=CIRCLE('',#1916,9.);
#687=CIRCLE('',#1921,9.);
#688=CIRCLE('',#1922,9.);
#689=CIRCLE('',#1924,2.74999999999999);
#690=CIRCLE('',#1925,2.74999999999999);
#691=CIRCLE('',#1928,30.6968582685941);
#692=CIRCLE('',#1929,30.6968582685941);
#693=CIRCLE('',#1931,2.75);
#694=CIRCLE('',#1932,2.75);
#695=CIRCLE('',#1934,2.);
#696=CIRCLE('',#1935,2.);
#697=VERTEX_POINT('',#2391);
#698=VERTEX_POINT('',#2393);
#699=VERTEX_POINT('',#2397);
#700=VERTEX_POINT('',#2400);
#701=VERTEX_POINT('',#2402);
#702=VERTEX_POINT('',#2406);
#703=VERTEX_POINT('',#2409);
#704=VERTEX_POINT('',#2411);
#705=VERTEX_POINT('',#2415);
#706=VERTEX_POINT('',#2418);
#707=VERTEX_POINT('',#2420);
#708=VERTEX_POINT('',#2424);
#709=VERTEX_POINT('',#2427);
#710=VERTEX_POINT('',#2428);
#711=VERTEX_POINT('',#2430);
#712=VERTEX_POINT('',#2432);
#713=VERTEX_POINT('',#2436);
#714=VERTEX_POINT('',#2438);
#715=VERTEX_POINT('',#2442);
#716=VERTEX_POINT('',#2444);
#717=VERTEX_POINT('',#2448);
#718=VERTEX_POINT('',#2450);
#719=VERTEX_POINT('',#2454);
#720=VERTEX_POINT('',#2456);
#721=VERTEX_POINT('',#2460);
#722=VERTEX_POINT('',#2462);
#723=VERTEX_POINT('',#2466);
#724=VERTEX_POINT('',#2468);
#725=VERTEX_POINT('',#2475);
#726=VERTEX_POINT('',#2479);
#727=VERTEX_POINT('',#2481);
#728=VERTEX_POINT('',#2485);
#729=VERTEX_POINT('',#2487);
#730=VERTEX_POINT('',#2491);
#731=VERTEX_POINT('',#2493);
#732=VERTEX_POINT('',#2497);
#733=VERTEX_POINT('',#2499);
#734=VERTEX_POINT('',#2503);
#735=VERTEX_POINT('',#2505);
#736=VERTEX_POINT('',#2509);
#737=VERTEX_POINT('',#2511);
#738=VERTEX_POINT('',#2515);
#739=VERTEX_POINT('',#2517);
#740=VERTEX_POINT('',#2521);
#741=VERTEX_POINT('',#2523);
#742=VERTEX_POINT('',#2527);
#743=VERTEX_POINT('',#2529);
#744=VERTEX_POINT('',#2533);
#745=VERTEX_POINT('',#2535);
#746=VERTEX_POINT('',#2539);
#747=VERTEX_POINT('',#2541);
#748=VERTEX_POINT('',#2545);
#749=VERTEX_POINT('',#2549);
#750=VERTEX_POINT('',#2551);
#751=VERTEX_POINT('',#2555);
#752=VERTEX_POINT('',#2557);
#753=VERTEX_POINT('',#2561);
#754=VERTEX_POINT('',#2563);
#755=VERTEX_POINT('',#2567);
#756=VERTEX_POINT('',#2571);
#757=VERTEX_POINT('',#2573);
#758=VERTEX_POINT('',#2577);
#759=VERTEX_POINT('',#2581);
#760=VERTEX_POINT('',#2583);
#761=VERTEX_POINT('',#2587);
#762=VERTEX_POINT('',#2588);
#763=VERTEX_POINT('',#2590);
#764=VERTEX_POINT('',#2592);
#765=VERTEX_POINT('',#2596);
#766=VERTEX_POINT('',#2598);
#767=VERTEX_POINT('',#2621);
#768=VERTEX_POINT('',#2632);
#769=VERTEX_POINT('',#2660);
#770=VERTEX_POINT('',#2669);
#771=VERTEX_POINT('',#2680);
#772=VERTEX_POINT('',#2682);
#773=VERTEX_POINT('',#2705);
#774=VERTEX_POINT('',#2716);
#775=VERTEX_POINT('',#2729);
#776=VERTEX_POINT('',#2731);
#777=VERTEX_POINT('',#2735);
#778=VERTEX_POINT('',#2737);
#779=VERTEX_POINT('',#2760);
#780=VERTEX_POINT('',#2771);
#781=VERTEX_POINT('',#2784);
#782=VERTEX_POINT('',#2786);
#783=VERTEX_POINT('',#2790);
#784=VERTEX_POINT('',#2792);
#785=VERTEX_POINT('',#2815);
#786=VERTEX_POINT('',#2826);
#787=VERTEX_POINT('',#2839);
#788=VERTEX_POINT('',#2841);
#789=VERTEX_POINT('',#2864);
#790=VERTEX_POINT('',#2875);
#791=VERTEX_POINT('',#2888);
#792=VERTEX_POINT('',#2890);
#793=VERTEX_POINT('',#2894);
#794=VERTEX_POINT('',#2896);
#795=VERTEX_POINT('',#2919);
#796=VERTEX_POINT('',#2930);
#797=VERTEX_POINT('',#2943);
#798=VERTEX_POINT('',#2945);
#799=VERTEX_POINT('',#2949);
#800=VERTEX_POINT('',#2951);
#801=VERTEX_POINT('',#2974);
#802=VERTEX_POINT('',#2985);
#803=VERTEX_POINT('',#2998);
#804=VERTEX_POINT('',#3000);
#805=VERTEX_POINT('',#3019);
#806=VERTEX_POINT('',#3028);
#807=VERTEX_POINT('',#3058);
#808=VERTEX_POINT('',#3069);
#809=VERTEX_POINT('',#3082);
#810=VERTEX_POINT('',#3084);
#811=VERTEX_POINT('',#3088);
#812=VERTEX_POINT('',#3090);
#813=VERTEX_POINT('',#3094);
#814=VERTEX_POINT('',#3096);
#815=VERTEX_POINT('',#3100);
#816=VERTEX_POINT('',#3102);
#817=VERTEX_POINT('',#3106);
#818=VERTEX_POINT('',#3108);
#819=VERTEX_POINT('',#3131);
#820=VERTEX_POINT('',#3142);
#821=VERTEX_POINT('',#3170);
#822=VERTEX_POINT('',#3179);
#823=VERTEX_POINT('',#3190);
#824=VERTEX_POINT('',#3192);
#825=VERTEX_POINT('',#3215);
#826=VERTEX_POINT('',#3226);
#827=VERTEX_POINT('',#3239);
#828=VERTEX_POINT('',#3241);
#829=VERTEX_POINT('',#3245);
#830=VERTEX_POINT('',#3247);
#831=VERTEX_POINT('',#3270);
#832=VERTEX_POINT('',#3281);
#833=VERTEX_POINT('',#3294);
#834=VERTEX_POINT('',#3296);
#835=VERTEX_POINT('',#3300);
#836=VERTEX_POINT('',#3302);
#837=VERTEX_POINT('',#3325);
#838=VERTEX_POINT('',#3336);
#839=VERTEX_POINT('',#3349);
#840=VERTEX_POINT('',#3351);
#841=VERTEX_POINT('',#3374);
#842=VERTEX_POINT('',#3385);
#843=VERTEX_POINT('',#3398);
#844=VERTEX_POINT('',#3400);
#845=VERTEX_POINT('',#3404);
#846=VERTEX_POINT('',#3406);
#847=VERTEX_POINT('',#3429);
#848=VERTEX_POINT('',#3440);
#849=VERTEX_POINT('',#3453);
#850=VERTEX_POINT('',#3455);
#851=VERTEX_POINT('',#3459);
#852=VERTEX_POINT('',#3461);
#853=VERTEX_POINT('',#3484);
#854=VERTEX_POINT('',#3495);
#855=VERTEX_POINT('',#3508);
#856=VERTEX_POINT('',#3510);
#857=VERTEX_POINT('',#3529);
#858=VERTEX_POINT('',#3538);
#859=VERTEX_POINT('',#3568);
#860=VERTEX_POINT('',#3579);
#861=VERTEX_POINT('',#3592);
#862=VERTEX_POINT('',#3594);
#863=VERTEX_POINT('',#3598);
#864=VERTEX_POINT('',#3600);
#865=EDGE_CURVE('',#697,#697,#601,.T.);
#866=EDGE_CURVE('',#697,#698,#369,.T.);
#867=EDGE_CURVE('',#698,#698,#602,.T.);
#868=EDGE_CURVE('',#699,#699,#603,.T.);
#869=EDGE_CURVE('',#700,#700,#604,.T.);
#870=EDGE_CURVE('',#700,#701,#370,.T.);
#871=EDGE_CURVE('',#701,#701,#605,.T.);
#872=EDGE_CURVE('',#702,#702,#606,.T.);
#873=EDGE_CURVE('',#703,#703,#607,.T.);
#874=EDGE_CURVE('',#703,#704,#371,.T.);
#875=EDGE_CURVE('',#704,#704,#608,.T.);
#876=EDGE_CURVE('',#705,#705,#609,.T.);
#877=EDGE_CURVE('',#706,#706,#610,.T.);
#878=EDGE_CURVE('',#706,#707,#372,.T.);
#879=EDGE_CURVE('',#707,#707,#611,.T.);
#880=EDGE_CURVE('',#708,#708,#612,.T.);
#881=EDGE_CURVE('',#709,#710,#373,.T.);
#882=EDGE_CURVE('',#710,#711,#374,.T.);
#883=EDGE_CURVE('',#712,#711,#375,.T.);
#884=EDGE_CURVE('',#709,#712,#376,.T.);
#885=EDGE_CURVE('',#713,#709,#613,.T.);
#886=EDGE_CURVE('',#714,#712,#614,.T.);
#887=EDGE_CURVE('',#713,#714,#377,.T.);
#888=EDGE_CURVE('',#715,#713,#378,.T.);
#889=EDGE_CURVE('',#716,#714,#379,.T.);
#890=EDGE_CURVE('',#715,#716,#380,.T.);
#891=EDGE_CURVE('',#717,#715,#615,.T.);
#892=EDGE_CURVE('',#718,#716,#616,.T.);
#893=EDGE_CURVE('',#717,#718,#381,.T.);
#894=EDGE_CURVE('',#719,#717,#382,.T.);
#895=EDGE_CURVE('',#720,#718,#383,.T.);
#896=EDGE_CURVE('',#719,#720,#384,.T.);
#897=EDGE_CURVE('',#721,#719,#617,.T.);
#898=EDGE_CURVE('',#722,#720,#618,.T.);
#899=EDGE_CURVE('',#721,#722,#385,.T.);
#900=EDGE_CURVE('',#723,#721,#386,.T.);
#901=EDGE_CURVE('',#724,#722,#387,.T.);
#902=EDGE_CURVE('',#723,#724,#388,.T.);
#903=EDGE_CURVE('',#710,#723,#619,.T.);
#904=EDGE_CURVE('',#711,#724,#620,.T.);
#905=EDGE_CURVE('',#725,#725,#621,.T.);
#906=EDGE_CURVE('',#725,#708,#389,.T.);
#907=EDGE_CURVE('',#726,#726,#622,.T.);
#908=EDGE_CURVE('',#726,#727,#390,.T.);
#909=EDGE_CURVE('',#727,#727,#623,.T.);
#910=EDGE_CURVE('',#728,#728,#624,.T.);
#911=EDGE_CURVE('',#728,#729,#391,.T.);
#912=EDGE_CURVE('',#729,#729,#625,.T.);
#913=EDGE_CURVE('',#730,#730,#626,.T.);
#914=EDGE_CURVE('',#730,#731,#392,.T.);
#915=EDGE_CURVE('',#731,#731,#627,.T.);
#916=EDGE_CURVE('',#732,#732,#628,.T.);
#917=EDGE_CURVE('',#732,#733,#393,.T.);
#918=EDGE_CURVE('',#733,#733,#629,.T.);
#919=EDGE_CURVE('',#734,#734,#630,.T.);
#920=EDGE_CURVE('',#734,#735,#394,.T.);
#921=EDGE_CURVE('',#735,#735,#631,.T.);
#922=EDGE_CURVE('',#736,#736,#632,.T.);
#923=EDGE_CURVE('',#736,#737,#395,.T.);
#924=EDGE_CURVE('',#737,#737,#633,.T.);
#925=EDGE_CURVE('',#738,#738,#634,.T.);
#926=EDGE_CURVE('',#738,#739,#396,.T.);
#927=EDGE_CURVE('',#739,#739,#635,.T.);
#928=EDGE_CURVE('',#740,#740,#636,.T.);
#929=EDGE_CURVE('',#740,#741,#397,.T.);
#930=EDGE_CURVE('',#741,#741,#637,.T.);
#931=EDGE_CURVE('',#742,#742,#638,.T.);
#932=EDGE_CURVE('',#742,#743,#398,.T.);
#933=EDGE_CURVE('',#743,#743,#639,.T.);
#934=EDGE_CURVE('',#744,#744,#640,.T.);
#935=EDGE_CURVE('',#744,#745,#399,.T.);
#936=EDGE_CURVE('',#745,#745,#641,.T.);
#937=EDGE_CURVE('',#746,#746,#642,.T.);
#938=EDGE_CURVE('',#746,#747,#400,.T.);
#939=EDGE_CURVE('',#747,#747,#643,.T.);
#940=EDGE_CURVE('',#748,#748,#644,.T.);
#941=EDGE_CURVE('',#748,#699,#401,.T.);
#942=EDGE_CURVE('',#749,#749,#645,.T.);
#943=EDGE_CURVE('',#749,#750,#402,.T.);
#944=EDGE_CURVE('',#750,#750,#646,.T.);
#945=EDGE_CURVE('',#751,#751,#647,.T.);
#946=EDGE_CURVE('',#751,#752,#403,.T.);
#947=EDGE_CURVE('',#752,#752,#648,.T.);
#948=EDGE_CURVE('',#753,#753,#649,.T.);
#949=EDGE_CURVE('',#753,#754,#404,.T.);
#950=EDGE_CURVE('',#754,#754,#650,.T.);
#951=EDGE_CURVE('',#755,#755,#651,.T.);
#952=EDGE_CURVE('',#755,#705,#405,.T.);
#953=EDGE_CURVE('',#756,#756,#652,.T.);
#954=EDGE_CURVE('',#756,#757,#406,.T.);
#955=EDGE_CURVE('',#757,#757,#653,.T.);
#956=EDGE_CURVE('',#758,#758,#654,.T.);
#957=EDGE_CURVE('',#758,#702,#407,.T.);
#958=EDGE_CURVE('',#759,#759,#655,.T.);
#959=EDGE_CURVE('',#759,#760,#408,.T.);
#960=EDGE_CURVE('',#760,#760,#656,.T.);
#961=EDGE_CURVE('',#761,#762,#657,.T.);
#962=EDGE_CURVE('',#761,#763,#409,.T.);
#963=EDGE_CURVE('',#764,#763,#658,.T.);
#964=EDGE_CURVE('',#762,#764,#410,.T.);
#965=EDGE_CURVE('',#765,#762,#659,.T.);
#966=EDGE_CURVE('',#766,#764,#660,.T.);
#967=EDGE_CURVE('',#765,#766,#411,.T.);
#968=EDGE_CURVE('',#765,#767,#15,.T.);
#969=EDGE_CURVE('',#768,#766,#16,.T.);
#970=EDGE_CURVE('',#767,#768,#412,.T.);
#971=EDGE_CURVE('',#767,#769,#17,.T.);
#972=EDGE_CURVE('',#770,#768,#18,.T.);
#973=EDGE_CURVE('',#769,#770,#413,.T.);
#974=EDGE_CURVE('',#769,#771,#661,.T.);
#975=EDGE_CURVE('',#772,#770,#662,.T.);
#976=EDGE_CURVE('',#771,#772,#414,.T.);
#977=EDGE_CURVE('',#773,#771,#19,.T.);
#978=EDGE_CURVE('',#774,#772,#20,.T.);
#979=EDGE_CURVE('',#773,#774,#415,.T.);
#980=EDGE_CURVE('',#775,#773,#416,.T.);
#981=EDGE_CURVE('',#776,#774,#417,.T.);
#982=EDGE_CURVE('',#775,#776,#418,.T.);
#983=EDGE_CURVE('',#777,#775,#663,.T.);
#984=EDGE_CURVE('',#778,#776,#664,.T.);
#985=EDGE_CURVE('',#777,#778,#419,.T.);
#986=EDGE_CURVE('',#779,#777,#21,.T.);
#987=EDGE_CURVE('',#780,#778,#22,.T.);
#988=EDGE_CURVE('',#779,#780,#420,.T.);
#989=EDGE_CURVE('',#781,#779,#665,.T.);
#990=EDGE_CURVE('',#782,#780,#666,.T.);
#991=EDGE_CURVE('',#781,#782,#421,.T.);
#992=EDGE_CURVE('',#781,#783,#422,.T.);
#993=EDGE_CURVE('',#784,#782,#423,.T.);
#994=EDGE_CURVE('',#783,#784,#424,.T.);
#995=EDGE_CURVE('',#785,#783,#23,.T.);
#996=EDGE_CURVE('',#786,#784,#24,.T.);
#997=EDGE_CURVE('',#785,#786,#425,.T.);
#998=EDGE_CURVE('',#785,#787,#426,.T.);
#999=EDGE_CURVE('',#788,#786,#427,.T.);
#1000=EDGE_CURVE('',#787,#788,#428,.T.);
#1001=EDGE_CURVE('',#787,#789,#25,.T.);
#1002=EDGE_CURVE('',#790,#788,#26,.T.);
#1003=EDGE_CURVE('',#789,#790,#429,.T.);
#1004=EDGE_CURVE('',#791,#789,#430,.T.);
#1005=EDGE_CURVE('',#792,#790,#431,.T.);
#1006=EDGE_CURVE('',#791,#792,#432,.T.);
#1007=EDGE_CURVE('',#793,#791,#667,.T.);
#1008=EDGE_CURVE('',#794,#792,#668,.T.);
#1009=EDGE_CURVE('',#793,#794,#433,.T.);
#1010=EDGE_CURVE('',#793,#795,#27,.T.);
#1011=EDGE_CURVE('',#796,#794,#28,.T.);
#1012=EDGE_CURVE('',#795,#796,#434,.T.);
#1013=EDGE_CURVE('',#797,#795,#669,.T.);
#1014=EDGE_CURVE('',#798,#796,#670,.T.);
#1015=EDGE_CURVE('',#797,#798,#435,.T.);
#1016=EDGE_CURVE('',#797,#799,#436,.T.);
#1017=EDGE_CURVE('',#800,#798,#437,.T.);
#1018=EDGE_CURVE('',#799,#800,#438,.T.);
#1019=EDGE_CURVE('',#799,#801,#29,.T.);
#1020=EDGE_CURVE('',#802,#800,#30,.T.);
#1021=EDGE_CURVE('',#801,#802,#439,.T.);
#1022=EDGE_CURVE('',#801,#803,#671,.T.);
#1023=EDGE_CURVE('',#804,#802,#672,.T.);
#1024=EDGE_CURVE('',#803,#804,#440,.T.);
#1025=EDGE_CURVE('',#805,#803,#31,.T.);
#1026=EDGE_CURVE('',#806,#804,#32,.T.);
#1027=EDGE_CURVE('',#805,#806,#441,.T.);
#1028=EDGE_CURVE('',#807,#805,#33,.T.);
#1029=EDGE_CURVE('',#808,#806,#34,.T.);
#1030=EDGE_CURVE('',#807,#808,#442,.T.);
#1031=EDGE_CURVE('',#809,#807,#673,.T.);
#1032=EDGE_CURVE('',#810,#808,#674,.T.);
#1033=EDGE_CURVE('',#809,#810,#443,.T.);
#1034=EDGE_CURVE('',#809,#811,#675,.T.);
#1035=EDGE_CURVE('',#812,#810,#676,.T.);
#1036=EDGE_CURVE('',#811,#812,#444,.T.);
#1037=EDGE_CURVE('',#811,#813,#445,.T.);
#1038=EDGE_CURVE('',#814,#812,#446,.T.);
#1039=EDGE_CURVE('',#813,#814,#447,.T.);
#1040=EDGE_CURVE('',#813,#815,#677,.T.);
#1041=EDGE_CURVE('',#816,#814,#678,.T.);
#1042=EDGE_CURVE('',#815,#816,#448,.T.);
#1043=EDGE_CURVE('',#817,#815,#679,.T.);
#1044=EDGE_CURVE('',#818,#816,#680,.T.);
#1045=EDGE_CURVE('',#817,#818,#449,.T.);
#1046=EDGE_CURVE('',#817,#819,#35,.T.);
#1047=EDGE_CURVE('',#820,#818,#36,.T.);
#1048=EDGE_CURVE('',#819,#820,#450,.T.);
#1049=EDGE_CURVE('',#819,#821,#37,.T.);
#1050=EDGE_CURVE('',#822,#820,#38,.T.);
#1051=EDGE_CURVE('',#821,#822,#451,.T.);
#1052=EDGE_CURVE('',#821,#823,#681,.T.);
#1053=EDGE_CURVE('',#824,#822,#682,.T.);
#1054=EDGE_CURVE('',#823,#824,#452,.T.);
#1055=EDGE_CURVE('',#825,#823,#39,.T.);
#1056=EDGE_CURVE('',#826,#824,#40,.T.);
#1057=EDGE_CURVE('',#825,#826,#453,.T.);
#1058=EDGE_CURVE('',#827,#825,#454,.T.);
#1059=EDGE_CURVE('',#828,#826,#455,.T.);
#1060=EDGE_CURVE('',#827,#828,#456,.T.);
#1061=EDGE_CURVE('',#829,#827,#683,.T.);
#1062=EDGE_CURVE('',#830,#828,#684,.T.);
#1063=EDGE_CURVE('',#829,#830,#457,.T.);
#1064=EDGE_CURVE('',#831,#829,#41,.T.);
#1065=EDGE_CURVE('',#832,#830,#42,.T.);
#1066=EDGE_CURVE('',#831,#832,#458,.T.);
#1067=EDGE_CURVE('',#833,#831,#685,.T.);
#1068=EDGE_CURVE('',#834,#832,#686,.T.);
#1069=EDGE_CURVE('',#833,#834,#459,.T.);
#1070=EDGE_CURVE('',#833,#835,#460,.T.);
#1071=EDGE_CURVE('',#836,#834,#461,.T.);
#1072=EDGE_CURVE('',#835,#836,#462,.T.);
#1073=EDGE_CURVE('',#837,#835,#43,.T.);
#1074=EDGE_CURVE('',#838,#836,#44,.T.);
#1075=EDGE_CURVE('',#837,#838,#463,.T.);
#1076=EDGE_CURVE('',#837,#839,#464,.T.);
#1077=EDGE_CURVE('',#840,#838,#465,.T.);
#1078=EDGE_CURVE('',#839,#840,#466,.T.);
#1079=EDGE_CURVE('',#839,#841,#45,.T.);
#1080=EDGE_CURVE('',#842,#840,#46,.T.);
#1081=EDGE_CURVE('',#841,#842,#467,.T.);
#1082=EDGE_CURVE('',#843,#841,#468,.T.);
#1083=EDGE_CURVE('',#844,#842,#469,.T.);
#1084=EDGE_CURVE('',#843,#844,#470,.T.);
#1085=EDGE_CURVE('',#845,#843,#687,.T.);
#1086=EDGE_CURVE('',#846,#844,#688,.T.);
#1087=EDGE_CURVE('',#845,#846,#471,.T.);
#1088=EDGE_CURVE('',#845,#847,#47,.T.);
#1089=EDGE_CURVE('',#848,#846,#48,.T.);
#1090=EDGE_CURVE('',#847,#848,#472,.T.);
#1091=EDGE_CURVE('',#849,#847,#689,.T.);
#1092=EDGE_CURVE('',#850,#848,#690,.T.);
#1093=EDGE_CURVE('',#849,#850,#473,.T.);
#1094=EDGE_CURVE('',#849,#851,#474,.T.);
#1095=EDGE_CURVE('',#852,#850,#475,.T.);
#1096=EDGE_CURVE('',#851,#852,#476,.T.);
#1097=EDGE_CURVE('',#851,#853,#49,.T.);
#1098=EDGE_CURVE('',#854,#852,#50,.T.);
#1099=EDGE_CURVE('',#853,#854,#477,.T.);
#1100=EDGE_CURVE('',#853,#855,#691,.T.);
#1101=EDGE_CURVE('',#856,#854,#692,.T.);
#1102=EDGE_CURVE('',#855,#856,#478,.T.);
#1103=EDGE_CURVE('',#857,#855,#51,.T.);
#1104=EDGE_CURVE('',#858,#856,#52,.T.);
#1105=EDGE_CURVE('',#857,#858,#479,.T.);
#1106=EDGE_CURVE('',#859,#857,#53,.T.);
#1107=EDGE_CURVE('',#860,#858,#54,.T.);
#1108=EDGE_CURVE('',#859,#860,#480,.T.);
#1109=EDGE_CURVE('',#861,#859,#693,.T.);
#1110=EDGE_CURVE('',#862,#860,#694,.T.);
#1111=EDGE_CURVE('',#861,#862,#481,.T.);
#1112=EDGE_CURVE('',#861,#863,#695,.T.);
#1113=EDGE_CURVE('',#864,#862,#696,.T.);
#1114=EDGE_CURVE('',#863,#864,#482,.T.);
#1115=EDGE_CURVE('',#863,#761,#483,.T.);
#1116=EDGE_CURVE('',#763,#864,#484,.T.);
#1117=ORIENTED_EDGE('',*,*,#865,.F.);
#1118=ORIENTED_EDGE('',*,*,#866,.T.);
#1119=ORIENTED_EDGE('',*,*,#867,.T.);
#1120=ORIENTED_EDGE('',*,*,#866,.F.);
#1121=ORIENTED_EDGE('',*,*,#867,.F.);
#1122=ORIENTED_EDGE('',*,*,#868,.F.);
#1123=ORIENTED_EDGE('',*,*,#869,.F.);
#1124=ORIENTED_EDGE('',*,*,#870,.T.);
#1125=ORIENTED_EDGE('',*,*,#871,.T.);
#1126=ORIENTED_EDGE('',*,*,#870,.F.);
#1127=ORIENTED_EDGE('',*,*,#871,.F.);
#1128=ORIENTED_EDGE('',*,*,#872,.F.);
#1129=ORIENTED_EDGE('',*,*,#873,.F.);
#1130=ORIENTED_EDGE('',*,*,#874,.T.);
#1131=ORIENTED_EDGE('',*,*,#875,.T.);
#1132=ORIENTED_EDGE('',*,*,#874,.F.);
#1133=ORIENTED_EDGE('',*,*,#875,.F.);
#1134=ORIENTED_EDGE('',*,*,#876,.F.);
#1135=ORIENTED_EDGE('',*,*,#877,.F.);
#1136=ORIENTED_EDGE('',*,*,#878,.T.);
#1137=ORIENTED_EDGE('',*,*,#879,.T.);
#1138=ORIENTED_EDGE('',*,*,#878,.F.);
#1139=ORIENTED_EDGE('',*,*,#879,.F.);
#1140=ORIENTED_EDGE('',*,*,#880,.F.);
#1141=ORIENTED_EDGE('',*,*,#881,.T.);
#1142=ORIENTED_EDGE('',*,*,#882,.T.);
#1143=ORIENTED_EDGE('',*,*,#883,.F.);
#1144=ORIENTED_EDGE('',*,*,#884,.F.);
#1145=ORIENTED_EDGE('',*,*,#885,.T.);
#1146=ORIENTED_EDGE('',*,*,#884,.T.);
#1147=ORIENTED_EDGE('',*,*,#886,.F.);
#1148=ORIENTED_EDGE('',*,*,#887,.F.);
#1149=ORIENTED_EDGE('',*,*,#888,.T.);
#1150=ORIENTED_EDGE('',*,*,#887,.T.);
#1151=ORIENTED_EDGE('',*,*,#889,.F.);
#1152=ORIENTED_EDGE('',*,*,#890,.F.);
#1153=ORIENTED_EDGE('',*,*,#891,.T.);
#1154=ORIENTED_EDGE('',*,*,#890,.T.);
#1155=ORIENTED_EDGE('',*,*,#892,.F.);
#1156=ORIENTED_EDGE('',*,*,#893,.F.);
#1157=ORIENTED_EDGE('',*,*,#894,.T.);
#1158=ORIENTED_EDGE('',*,*,#893,.T.);
#1159=ORIENTED_EDGE('',*,*,#895,.F.);
#1160=ORIENTED_EDGE('',*,*,#896,.F.);
#1161=ORIENTED_EDGE('',*,*,#897,.T.);
#1162=ORIENTED_EDGE('',*,*,#896,.T.);
#1163=ORIENTED_EDGE('',*,*,#898,.F.);
#1164=ORIENTED_EDGE('',*,*,#899,.F.);
#1165=ORIENTED_EDGE('',*,*,#900,.T.);
#1166=ORIENTED_EDGE('',*,*,#899,.T.);
#1167=ORIENTED_EDGE('',*,*,#901,.F.);
#1168=ORIENTED_EDGE('',*,*,#902,.F.);
#1169=ORIENTED_EDGE('',*,*,#903,.T.);
#1170=ORIENTED_EDGE('',*,*,#902,.T.);
#1171=ORIENTED_EDGE('',*,*,#904,.F.);
#1172=ORIENTED_EDGE('',*,*,#882,.F.);
#1173=ORIENTED_EDGE('',*,*,#905,.F.);
#1174=ORIENTED_EDGE('',*,*,#906,.T.);
#1175=ORIENTED_EDGE('',*,*,#880,.T.);
#1176=ORIENTED_EDGE('',*,*,#906,.F.);
#1177=ORIENTED_EDGE('',*,*,#907,.F.);
#1178=ORIENTED_EDGE('',*,*,#908,.T.);
#1179=ORIENTED_EDGE('',*,*,#909,.T.);
#1180=ORIENTED_EDGE('',*,*,#908,.F.);
#1181=ORIENTED_EDGE('',*,*,#910,.F.);
#1182=ORIENTED_EDGE('',*,*,#911,.T.);
#1183=ORIENTED_EDGE('',*,*,#912,.T.);
#1184=ORIENTED_EDGE('',*,*,#911,.F.);
#1185=ORIENTED_EDGE('',*,*,#913,.F.);
#1186=ORIENTED_EDGE('',*,*,#914,.T.);
#1187=ORIENTED_EDGE('',*,*,#915,.T.);
#1188=ORIENTED_EDGE('',*,*,#914,.F.);
#1189=ORIENTED_EDGE('',*,*,#916,.F.);
#1190=ORIENTED_EDGE('',*,*,#917,.T.);
#1191=ORIENTED_EDGE('',*,*,#918,.T.);
#1192=ORIENTED_EDGE('',*,*,#917,.F.);
#1193=ORIENTED_EDGE('',*,*,#919,.F.);
#1194=ORIENTED_EDGE('',*,*,#920,.T.);
#1195=ORIENTED_EDGE('',*,*,#921,.T.);
#1196=ORIENTED_EDGE('',*,*,#920,.F.);
#1197=ORIENTED_EDGE('',*,*,#922,.F.);
#1198=ORIENTED_EDGE('',*,*,#923,.T.);
#1199=ORIENTED_EDGE('',*,*,#924,.T.);
#1200=ORIENTED_EDGE('',*,*,#923,.F.);
#1201=ORIENTED_EDGE('',*,*,#925,.F.);
#1202=ORIENTED_EDGE('',*,*,#926,.T.);
#1203=ORIENTED_EDGE('',*,*,#927,.T.);
#1204=ORIENTED_EDGE('',*,*,#926,.F.);
#1205=ORIENTED_EDGE('',*,*,#928,.F.);
#1206=ORIENTED_EDGE('',*,*,#929,.T.);
#1207=ORIENTED_EDGE('',*,*,#930,.T.);
#1208=ORIENTED_EDGE('',*,*,#929,.F.);
#1209=ORIENTED_EDGE('',*,*,#931,.F.);
#1210=ORIENTED_EDGE('',*,*,#932,.T.);
#1211=ORIENTED_EDGE('',*,*,#933,.T.);
#1212=ORIENTED_EDGE('',*,*,#932,.F.);
#1213=ORIENTED_EDGE('',*,*,#934,.F.);
#1214=ORIENTED_EDGE('',*,*,#935,.T.);
#1215=ORIENTED_EDGE('',*,*,#936,.T.);
#1216=ORIENTED_EDGE('',*,*,#935,.F.);
#1217=ORIENTED_EDGE('',*,*,#937,.F.);
#1218=ORIENTED_EDGE('',*,*,#938,.T.);
#1219=ORIENTED_EDGE('',*,*,#939,.T.);
#1220=ORIENTED_EDGE('',*,*,#938,.F.);
#1221=ORIENTED_EDGE('',*,*,#940,.F.);
#1222=ORIENTED_EDGE('',*,*,#941,.T.);
#1223=ORIENTED_EDGE('',*,*,#868,.T.);
#1224=ORIENTED_EDGE('',*,*,#941,.F.);
#1225=ORIENTED_EDGE('',*,*,#942,.F.);
#1226=ORIENTED_EDGE('',*,*,#943,.T.);
#1227=ORIENTED_EDGE('',*,*,#944,.T.);
#1228=ORIENTED_EDGE('',*,*,#943,.F.);
#1229=ORIENTED_EDGE('',*,*,#945,.F.);
#1230=ORIENTED_EDGE('',*,*,#946,.T.);
#1231=ORIENTED_EDGE('',*,*,#947,.T.);
#1232=ORIENTED_EDGE('',*,*,#946,.F.);
#1233=ORIENTED_EDGE('',*,*,#948,.F.);
#1234=ORIENTED_EDGE('',*,*,#949,.T.);
#1235=ORIENTED_EDGE('',*,*,#950,.T.);
#1236=ORIENTED_EDGE('',*,*,#949,.F.);
#1237=ORIENTED_EDGE('',*,*,#951,.F.);
#1238=ORIENTED_EDGE('',*,*,#952,.T.);
#1239=ORIENTED_EDGE('',*,*,#876,.T.);
#1240=ORIENTED_EDGE('',*,*,#952,.F.);
#1241=ORIENTED_EDGE('',*,*,#953,.F.);
#1242=ORIENTED_EDGE('',*,*,#954,.T.);
#1243=ORIENTED_EDGE('',*,*,#955,.T.);
#1244=ORIENTED_EDGE('',*,*,#954,.F.);
#1245=ORIENTED_EDGE('',*,*,#956,.F.);
#1246=ORIENTED_EDGE('',*,*,#957,.T.);
#1247=ORIENTED_EDGE('',*,*,#872,.T.);
#1248=ORIENTED_EDGE('',*,*,#957,.F.);
#1249=ORIENTED_EDGE('',*,*,#958,.F.);
#1250=ORIENTED_EDGE('',*,*,#959,.T.);
#1251=ORIENTED_EDGE('',*,*,#960,.T.);
#1252=ORIENTED_EDGE('',*,*,#959,.F.);
#1253=ORIENTED_EDGE('',*,*,#961,.F.);
#1254=ORIENTED_EDGE('',*,*,#962,.T.);
#1255=ORIENTED_EDGE('',*,*,#963,.F.);
#1256=ORIENTED_EDGE('',*,*,#964,.F.);
#1257=ORIENTED_EDGE('',*,*,#965,.T.);
#1258=ORIENTED_EDGE('',*,*,#964,.T.);
#1259=ORIENTED_EDGE('',*,*,#966,.F.);
#1260=ORIENTED_EDGE('',*,*,#967,.F.);
#1261=ORIENTED_EDGE('',*,*,#968,.F.);
#1262=ORIENTED_EDGE('',*,*,#967,.T.);
#1263=ORIENTED_EDGE('',*,*,#969,.F.);
#1264=ORIENTED_EDGE('',*,*,#970,.F.);
#1265=ORIENTED_EDGE('',*,*,#971,.F.);
#1266=ORIENTED_EDGE('',*,*,#970,.T.);
#1267=ORIENTED_EDGE('',*,*,#972,.F.);
#1268=ORIENTED_EDGE('',*,*,#973,.F.);
#1269=ORIENTED_EDGE('',*,*,#974,.F.);
#1270=ORIENTED_EDGE('',*,*,#973,.T.);
#1271=ORIENTED_EDGE('',*,*,#975,.F.);
#1272=ORIENTED_EDGE('',*,*,#976,.F.);
#1273=ORIENTED_EDGE('',*,*,#977,.T.);
#1274=ORIENTED_EDGE('',*,*,#976,.T.);
#1275=ORIENTED_EDGE('',*,*,#978,.F.);
#1276=ORIENTED_EDGE('',*,*,#979,.F.);
#1277=ORIENTED_EDGE('',*,*,#980,.T.);
#1278=ORIENTED_EDGE('',*,*,#979,.T.);
#1279=ORIENTED_EDGE('',*,*,#981,.F.);
#1280=ORIENTED_EDGE('',*,*,#982,.F.);
#1281=ORIENTED_EDGE('',*,*,#983,.T.);
#1282=ORIENTED_EDGE('',*,*,#982,.T.);
#1283=ORIENTED_EDGE('',*,*,#984,.F.);
#1284=ORIENTED_EDGE('',*,*,#985,.F.);
#1285=ORIENTED_EDGE('',*,*,#986,.T.);
#1286=ORIENTED_EDGE('',*,*,#985,.T.);
#1287=ORIENTED_EDGE('',*,*,#987,.F.);
#1288=ORIENTED_EDGE('',*,*,#988,.F.);
#1289=ORIENTED_EDGE('',*,*,#989,.T.);
#1290=ORIENTED_EDGE('',*,*,#988,.T.);
#1291=ORIENTED_EDGE('',*,*,#990,.F.);
#1292=ORIENTED_EDGE('',*,*,#991,.F.);
#1293=ORIENTED_EDGE('',*,*,#992,.F.);
#1294=ORIENTED_EDGE('',*,*,#991,.T.);
#1295=ORIENTED_EDGE('',*,*,#993,.F.);
#1296=ORIENTED_EDGE('',*,*,#994,.F.);
#1297=ORIENTED_EDGE('',*,*,#995,.T.);
#1298=ORIENTED_EDGE('',*,*,#994,.T.);
#1299=ORIENTED_EDGE('',*,*,#996,.F.);
#1300=ORIENTED_EDGE('',*,*,#997,.F.);
#1301=ORIENTED_EDGE('',*,*,#998,.F.);
#1302=ORIENTED_EDGE('',*,*,#997,.T.);
#1303=ORIENTED_EDGE('',*,*,#999,.F.);
#1304=ORIENTED_EDGE('',*,*,#1000,.F.);
#1305=ORIENTED_EDGE('',*,*,#1001,.F.);
#1306=ORIENTED_EDGE('',*,*,#1000,.T.);
#1307=ORIENTED_EDGE('',*,*,#1002,.F.);
#1308=ORIENTED_EDGE('',*,*,#1003,.F.);
#1309=ORIENTED_EDGE('',*,*,#1004,.T.);
#1310=ORIENTED_EDGE('',*,*,#1003,.T.);
#1311=ORIENTED_EDGE('',*,*,#1005,.F.);
#1312=ORIENTED_EDGE('',*,*,#1006,.F.);
#1313=ORIENTED_EDGE('',*,*,#1007,.T.);
#1314=ORIENTED_EDGE('',*,*,#1006,.T.);
#1315=ORIENTED_EDGE('',*,*,#1008,.F.);
#1316=ORIENTED_EDGE('',*,*,#1009,.F.);
#1317=ORIENTED_EDGE('',*,*,#1010,.F.);
#1318=ORIENTED_EDGE('',*,*,#1009,.T.);
#1319=ORIENTED_EDGE('',*,*,#1011,.F.);
#1320=ORIENTED_EDGE('',*,*,#1012,.F.);
#1321=ORIENTED_EDGE('',*,*,#1013,.T.);
#1322=ORIENTED_EDGE('',*,*,#1012,.T.);
#1323=ORIENTED_EDGE('',*,*,#1014,.F.);
#1324=ORIENTED_EDGE('',*,*,#1015,.F.);
#1325=ORIENTED_EDGE('',*,*,#1016,.F.);
#1326=ORIENTED_EDGE('',*,*,#1015,.T.);
#1327=ORIENTED_EDGE('',*,*,#1017,.F.);
#1328=ORIENTED_EDGE('',*,*,#1018,.F.);
#1329=ORIENTED_EDGE('',*,*,#1019,.F.);
#1330=ORIENTED_EDGE('',*,*,#1018,.T.);
#1331=ORIENTED_EDGE('',*,*,#1020,.F.);
#1332=ORIENTED_EDGE('',*,*,#1021,.F.);
#1333=ORIENTED_EDGE('',*,*,#1022,.F.);
#1334=ORIENTED_EDGE('',*,*,#1021,.T.);
#1335=ORIENTED_EDGE('',*,*,#1023,.F.);
#1336=ORIENTED_EDGE('',*,*,#1024,.F.);
#1337=ORIENTED_EDGE('',*,*,#1025,.T.);
#1338=ORIENTED_EDGE('',*,*,#1024,.T.);
#1339=ORIENTED_EDGE('',*,*,#1026,.F.);
#1340=ORIENTED_EDGE('',*,*,#1027,.F.);
#1341=ORIENTED_EDGE('',*,*,#1028,.T.);
#1342=ORIENTED_EDGE('',*,*,#1027,.T.);
#1343=ORIENTED_EDGE('',*,*,#1029,.F.);
#1344=ORIENTED_EDGE('',*,*,#1030,.F.);
#1345=ORIENTED_EDGE('',*,*,#1031,.T.);
#1346=ORIENTED_EDGE('',*,*,#1030,.T.);
#1347=ORIENTED_EDGE('',*,*,#1032,.F.);
#1348=ORIENTED_EDGE('',*,*,#1033,.F.);
#1349=ORIENTED_EDGE('',*,*,#1034,.F.);
#1350=ORIENTED_EDGE('',*,*,#1033,.T.);
#1351=ORIENTED_EDGE('',*,*,#1035,.F.);
#1352=ORIENTED_EDGE('',*,*,#1036,.F.);
#1353=ORIENTED_EDGE('',*,*,#1037,.F.);
#1354=ORIENTED_EDGE('',*,*,#1036,.T.);
#1355=ORIENTED_EDGE('',*,*,#1038,.F.);
#1356=ORIENTED_EDGE('',*,*,#1039,.F.);
#1357=ORIENTED_EDGE('',*,*,#1040,.F.);
#1358=ORIENTED_EDGE('',*,*,#1039,.T.);
#1359=ORIENTED_EDGE('',*,*,#1041,.F.);
#1360=ORIENTED_EDGE('',*,*,#1042,.F.);
#1361=ORIENTED_EDGE('',*,*,#1043,.T.);
#1362=ORIENTED_EDGE('',*,*,#1042,.T.);
#1363=ORIENTED_EDGE('',*,*,#1044,.F.);
#1364=ORIENTED_EDGE('',*,*,#1045,.F.);
#1365=ORIENTED_EDGE('',*,*,#1046,.F.);
#1366=ORIENTED_EDGE('',*,*,#1045,.T.);
#1367=ORIENTED_EDGE('',*,*,#1047,.F.);
#1368=ORIENTED_EDGE('',*,*,#1048,.F.);
#1369=ORIENTED_EDGE('',*,*,#1049,.F.);
#1370=ORIENTED_EDGE('',*,*,#1048,.T.);
#1371=ORIENTED_EDGE('',*,*,#1050,.F.);
#1372=ORIENTED_EDGE('',*,*,#1051,.F.);
#1373=ORIENTED_EDGE('',*,*,#1052,.F.);
#1374=ORIENTED_EDGE('',*,*,#1051,.T.);
#1375=ORIENTED_EDGE('',*,*,#1053,.F.);
#1376=ORIENTED_EDGE('',*,*,#1054,.F.);
#1377=ORIENTED_EDGE('',*,*,#1055,.T.);
#1378=ORIENTED_EDGE('',*,*,#1054,.T.);
#1379=ORIENTED_EDGE('',*,*,#1056,.F.);
#1380=ORIENTED_EDGE('',*,*,#1057,.F.);
#1381=ORIENTED_EDGE('',*,*,#1058,.T.);
#1382=ORIENTED_EDGE('',*,*,#1057,.T.);
#1383=ORIENTED_EDGE('',*,*,#1059,.F.);
#1384=ORIENTED_EDGE('',*,*,#1060,.F.);
#1385=ORIENTED_EDGE('',*,*,#1061,.T.);
#1386=ORIENTED_EDGE('',*,*,#1060,.T.);
#1387=ORIENTED_EDGE('',*,*,#1062,.F.);
#1388=ORIENTED_EDGE('',*,*,#1063,.F.);
#1389=ORIENTED_EDGE('',*,*,#1064,.T.);
#1390=ORIENTED_EDGE('',*,*,#1063,.T.);
#1391=ORIENTED_EDGE('',*,*,#1065,.F.);
#1392=ORIENTED_EDGE('',*,*,#1066,.F.);
#1393=ORIENTED_EDGE('',*,*,#1067,.T.);
#1394=ORIENTED_EDGE('',*,*,#1066,.T.);
#1395=ORIENTED_EDGE('',*,*,#1068,.F.);
#1396=ORIENTED_EDGE('',*,*,#1069,.F.);
#1397=ORIENTED_EDGE('',*,*,#1070,.F.);
#1398=ORIENTED_EDGE('',*,*,#1069,.T.);
#1399=ORIENTED_EDGE('',*,*,#1071,.F.);
#1400=ORIENTED_EDGE('',*,*,#1072,.F.);
#1401=ORIENTED_EDGE('',*,*,#1073,.T.);
#1402=ORIENTED_EDGE('',*,*,#1072,.T.);
#1403=ORIENTED_EDGE('',*,*,#1074,.F.);
#1404=ORIENTED_EDGE('',*,*,#1075,.F.);
#1405=ORIENTED_EDGE('',*,*,#1076,.F.);
#1406=ORIENTED_EDGE('',*,*,#1075,.T.);
#1407=ORIENTED_EDGE('',*,*,#1077,.F.);
#1408=ORIENTED_EDGE('',*,*,#1078,.F.);
#1409=ORIENTED_EDGE('',*,*,#1079,.F.);
#1410=ORIENTED_EDGE('',*,*,#1078,.T.);
#1411=ORIENTED_EDGE('',*,*,#1080,.F.);
#1412=ORIENTED_EDGE('',*,*,#1081,.F.);
#1413=ORIENTED_EDGE('',*,*,#1082,.T.);
#1414=ORIENTED_EDGE('',*,*,#1081,.T.);
#1415=ORIENTED_EDGE('',*,*,#1083,.F.);
#1416=ORIENTED_EDGE('',*,*,#1084,.F.);
#1417=ORIENTED_EDGE('',*,*,#1085,.T.);
#1418=ORIENTED_EDGE('',*,*,#1084,.T.);
#1419=ORIENTED_EDGE('',*,*,#1086,.F.);
#1420=ORIENTED_EDGE('',*,*,#1087,.F.);
#1421=ORIENTED_EDGE('',*,*,#1088,.F.);
#1422=ORIENTED_EDGE('',*,*,#1087,.T.);
#1423=ORIENTED_EDGE('',*,*,#1089,.F.);
#1424=ORIENTED_EDGE('',*,*,#1090,.F.);
#1425=ORIENTED_EDGE('',*,*,#1091,.T.);
#1426=ORIENTED_EDGE('',*,*,#1090,.T.);
#1427=ORIENTED_EDGE('',*,*,#1092,.F.);
#1428=ORIENTED_EDGE('',*,*,#1093,.F.);
#1429=ORIENTED_EDGE('',*,*,#1094,.F.);
#1430=ORIENTED_EDGE('',*,*,#1093,.T.);
#1431=ORIENTED_EDGE('',*,*,#1095,.F.);
#1432=ORIENTED_EDGE('',*,*,#1096,.F.);
#1433=ORIENTED_EDGE('',*,*,#1097,.F.);
#1434=ORIENTED_EDGE('',*,*,#1096,.T.);
#1435=ORIENTED_EDGE('',*,*,#1098,.F.);
#1436=ORIENTED_EDGE('',*,*,#1099,.F.);
#1437=ORIENTED_EDGE('',*,*,#1100,.F.);
#1438=ORIENTED_EDGE('',*,*,#1099,.T.);
#1439=ORIENTED_EDGE('',*,*,#1101,.F.);
#1440=ORIENTED_EDGE('',*,*,#1102,.F.);
#1441=ORIENTED_EDGE('',*,*,#1103,.T.);
#1442=ORIENTED_EDGE('',*,*,#1102,.T.);
#1443=ORIENTED_EDGE('',*,*,#1104,.F.);
#1444=ORIENTED_EDGE('',*,*,#1105,.F.);
#1445=ORIENTED_EDGE('',*,*,#1106,.T.);
#1446=ORIENTED_EDGE('',*,*,#1105,.T.);
#1447=ORIENTED_EDGE('',*,*,#1107,.F.);
#1448=ORIENTED_EDGE('',*,*,#1108,.F.);
#1449=ORIENTED_EDGE('',*,*,#1109,.T.);
#1450=ORIENTED_EDGE('',*,*,#1108,.T.);
#1451=ORIENTED_EDGE('',*,*,#1110,.F.);
#1452=ORIENTED_EDGE('',*,*,#1111,.F.);
#1453=ORIENTED_EDGE('',*,*,#1112,.F.);
#1454=ORIENTED_EDGE('',*,*,#1111,.T.);
#1455=ORIENTED_EDGE('',*,*,#1113,.F.);
#1456=ORIENTED_EDGE('',*,*,#1114,.F.);
#1457=ORIENTED_EDGE('',*,*,#1115,.F.);
#1458=ORIENTED_EDGE('',*,*,#1114,.T.);
#1459=ORIENTED_EDGE('',*,*,#1116,.F.);
#1460=ORIENTED_EDGE('',*,*,#962,.F.);
#1461=ORIENTED_EDGE('',*,*,#1116,.T.);
#1462=ORIENTED_EDGE('',*,*,#1113,.T.);
#1463=ORIENTED_EDGE('',*,*,#1110,.T.);
#1464=ORIENTED_EDGE('',*,*,#1107,.T.);
#1465=ORIENTED_EDGE('',*,*,#1104,.T.);
#1466=ORIENTED_EDGE('',*,*,#1101,.T.);
#1467=ORIENTED_EDGE('',*,*,#1098,.T.);
#1468=ORIENTED_EDGE('',*,*,#1095,.T.);
#1469=ORIENTED_EDGE('',*,*,#1092,.T.);
#1470=ORIENTED_EDGE('',*,*,#1089,.T.);
#1471=ORIENTED_EDGE('',*,*,#1086,.T.);
#1472=ORIENTED_EDGE('',*,*,#1083,.T.);
#1473=ORIENTED_EDGE('',*,*,#1080,.T.);
#1474=ORIENTED_EDGE('',*,*,#1077,.T.);
#1475=ORIENTED_EDGE('',*,*,#1074,.T.);
#1476=ORIENTED_EDGE('',*,*,#1071,.T.);
#1477=ORIENTED_EDGE('',*,*,#1068,.T.);
#1478=ORIENTED_EDGE('',*,*,#1065,.T.);
#1479=ORIENTED_EDGE('',*,*,#1062,.T.);
#1480=ORIENTED_EDGE('',*,*,#1059,.T.);
#1481=ORIENTED_EDGE('',*,*,#1056,.T.);
#1482=ORIENTED_EDGE('',*,*,#1053,.T.);
#1483=ORIENTED_EDGE('',*,*,#1050,.T.);
#1484=ORIENTED_EDGE('',*,*,#1047,.T.);
#1485=ORIENTED_EDGE('',*,*,#1044,.T.);
#1486=ORIENTED_EDGE('',*,*,#1041,.T.);
#1487=ORIENTED_EDGE('',*,*,#1038,.T.);
#1488=ORIENTED_EDGE('',*,*,#1035,.T.);
#1489=ORIENTED_EDGE('',*,*,#1032,.T.);
#1490=ORIENTED_EDGE('',*,*,#1029,.T.);
#1491=ORIENTED_EDGE('',*,*,#1026,.T.);
#1492=ORIENTED_EDGE('',*,*,#1023,.T.);
#1493=ORIENTED_EDGE('',*,*,#1020,.T.);
#1494=ORIENTED_EDGE('',*,*,#1017,.T.);
#1495=ORIENTED_EDGE('',*,*,#1014,.T.);
#1496=ORIENTED_EDGE('',*,*,#1011,.T.);
#1497=ORIENTED_EDGE('',*,*,#1008,.T.);
#1498=ORIENTED_EDGE('',*,*,#1005,.T.);
#1499=ORIENTED_EDGE('',*,*,#1002,.T.);
#1500=ORIENTED_EDGE('',*,*,#999,.T.);
#1501=ORIENTED_EDGE('',*,*,#996,.T.);
#1502=ORIENTED_EDGE('',*,*,#993,.T.);
#1503=ORIENTED_EDGE('',*,*,#990,.T.);
#1504=ORIENTED_EDGE('',*,*,#987,.T.);
#1505=ORIENTED_EDGE('',*,*,#984,.T.);
#1506=ORIENTED_EDGE('',*,*,#981,.T.);
#1507=ORIENTED_EDGE('',*,*,#978,.T.);
#1508=ORIENTED_EDGE('',*,*,#975,.T.);
#1509=ORIENTED_EDGE('',*,*,#972,.T.);
#1510=ORIENTED_EDGE('',*,*,#969,.T.);
#1511=ORIENTED_EDGE('',*,*,#966,.T.);
#1512=ORIENTED_EDGE('',*,*,#963,.T.);
#1513=ORIENTED_EDGE('',*,*,#958,.T.);
#1514=ORIENTED_EDGE('',*,*,#956,.T.);
#1515=ORIENTED_EDGE('',*,*,#953,.T.);
#1516=ORIENTED_EDGE('',*,*,#951,.T.);
#1517=ORIENTED_EDGE('',*,*,#948,.T.);
#1518=ORIENTED_EDGE('',*,*,#945,.T.);
#1519=ORIENTED_EDGE('',*,*,#942,.T.);
#1520=ORIENTED_EDGE('',*,*,#940,.T.);
#1521=ORIENTED_EDGE('',*,*,#937,.T.);
#1522=ORIENTED_EDGE('',*,*,#934,.T.);
#1523=ORIENTED_EDGE('',*,*,#931,.T.);
#1524=ORIENTED_EDGE('',*,*,#928,.T.);
#1525=ORIENTED_EDGE('',*,*,#925,.T.);
#1526=ORIENTED_EDGE('',*,*,#922,.T.);
#1527=ORIENTED_EDGE('',*,*,#919,.T.);
#1528=ORIENTED_EDGE('',*,*,#916,.T.);
#1529=ORIENTED_EDGE('',*,*,#913,.T.);
#1530=ORIENTED_EDGE('',*,*,#910,.T.);
#1531=ORIENTED_EDGE('',*,*,#907,.T.);
#1532=ORIENTED_EDGE('',*,*,#905,.T.);
#1533=ORIENTED_EDGE('',*,*,#904,.T.);
#1534=ORIENTED_EDGE('',*,*,#901,.T.);
#1535=ORIENTED_EDGE('',*,*,#898,.T.);
#1536=ORIENTED_EDGE('',*,*,#895,.T.);
#1537=ORIENTED_EDGE('',*,*,#892,.T.);
#1538=ORIENTED_EDGE('',*,*,#889,.T.);
#1539=ORIENTED_EDGE('',*,*,#886,.T.);
#1540=ORIENTED_EDGE('',*,*,#883,.T.);
#1541=ORIENTED_EDGE('',*,*,#1115,.T.);
#1542=ORIENTED_EDGE('',*,*,#961,.T.);
#1543=ORIENTED_EDGE('',*,*,#965,.F.);
#1544=ORIENTED_EDGE('',*,*,#968,.T.);
#1545=ORIENTED_EDGE('',*,*,#971,.T.);
#1546=ORIENTED_EDGE('',*,*,#974,.T.);
#1547=ORIENTED_EDGE('',*,*,#977,.F.);
#1548=ORIENTED_EDGE('',*,*,#980,.F.);
#1549=ORIENTED_EDGE('',*,*,#983,.F.);
#1550=ORIENTED_EDGE('',*,*,#986,.F.);
#1551=ORIENTED_EDGE('',*,*,#989,.F.);
#1552=ORIENTED_EDGE('',*,*,#992,.T.);
#1553=ORIENTED_EDGE('',*,*,#995,.F.);
#1554=ORIENTED_EDGE('',*,*,#998,.T.);
#1555=ORIENTED_EDGE('',*,*,#1001,.T.);
#1556=ORIENTED_EDGE('',*,*,#1004,.F.);
#1557=ORIENTED_EDGE('',*,*,#1007,.F.);
#1558=ORIENTED_EDGE('',*,*,#1010,.T.);
#1559=ORIENTED_EDGE('',*,*,#1013,.F.);
#1560=ORIENTED_EDGE('',*,*,#1016,.T.);
#1561=ORIENTED_EDGE('',*,*,#1019,.T.);
#1562=ORIENTED_EDGE('',*,*,#1022,.T.);
#1563=ORIENTED_EDGE('',*,*,#1025,.F.);
#1564=ORIENTED_EDGE('',*,*,#1028,.F.);
#1565=ORIENTED_EDGE('',*,*,#1031,.F.);
#1566=ORIENTED_EDGE('',*,*,#1034,.T.);
#1567=ORIENTED_EDGE('',*,*,#1037,.T.);
#1568=ORIENTED_EDGE('',*,*,#1040,.T.);
#1569=ORIENTED_EDGE('',*,*,#1043,.F.);
#1570=ORIENTED_EDGE('',*,*,#1046,.T.);
#1571=ORIENTED_EDGE('',*,*,#1049,.T.);
#1572=ORIENTED_EDGE('',*,*,#1052,.T.);
#1573=ORIENTED_EDGE('',*,*,#1055,.F.);
#1574=ORIENTED_EDGE('',*,*,#1058,.F.);
#1575=ORIENTED_EDGE('',*,*,#1061,.F.);
#1576=ORIENTED_EDGE('',*,*,#1064,.F.);
#1577=ORIENTED_EDGE('',*,*,#1067,.F.);
#1578=ORIENTED_EDGE('',*,*,#1070,.T.);
#1579=ORIENTED_EDGE('',*,*,#1073,.F.);
#1580=ORIENTED_EDGE('',*,*,#1076,.T.);
#1581=ORIENTED_EDGE('',*,*,#1079,.T.);
#1582=ORIENTED_EDGE('',*,*,#1082,.F.);
#1583=ORIENTED_EDGE('',*,*,#1085,.F.);
#1584=ORIENTED_EDGE('',*,*,#1088,.T.);
#1585=ORIENTED_EDGE('',*,*,#1091,.F.);
#1586=ORIENTED_EDGE('',*,*,#1094,.T.);
#1587=ORIENTED_EDGE('',*,*,#1097,.T.);
#1588=ORIENTED_EDGE('',*,*,#1100,.T.);
#1589=ORIENTED_EDGE('',*,*,#1103,.F.);
#1590=ORIENTED_EDGE('',*,*,#1106,.F.);
#1591=ORIENTED_EDGE('',*,*,#1109,.F.);
#1592=ORIENTED_EDGE('',*,*,#1112,.T.);
#1593=ORIENTED_EDGE('',*,*,#865,.T.);
#1594=ORIENTED_EDGE('',*,*,#869,.T.);
#1595=ORIENTED_EDGE('',*,*,#873,.T.);
#1596=ORIENTED_EDGE('',*,*,#877,.T.);
#1597=ORIENTED_EDGE('',*,*,#960,.F.);
#1598=ORIENTED_EDGE('',*,*,#955,.F.);
#1599=ORIENTED_EDGE('',*,*,#950,.F.);
#1600=ORIENTED_EDGE('',*,*,#947,.F.);
#1601=ORIENTED_EDGE('',*,*,#944,.F.);
#1602=ORIENTED_EDGE('',*,*,#939,.F.);
#1603=ORIENTED_EDGE('',*,*,#936,.F.);
#1604=ORIENTED_EDGE('',*,*,#933,.F.);
#1605=ORIENTED_EDGE('',*,*,#930,.F.);
#1606=ORIENTED_EDGE('',*,*,#927,.F.);
#1607=ORIENTED_EDGE('',*,*,#924,.F.);
#1608=ORIENTED_EDGE('',*,*,#921,.F.);
#1609=ORIENTED_EDGE('',*,*,#918,.F.);
#1610=ORIENTED_EDGE('',*,*,#915,.F.);
#1611=ORIENTED_EDGE('',*,*,#912,.F.);
#1612=ORIENTED_EDGE('',*,*,#909,.F.);
#1613=ORIENTED_EDGE('',*,*,#903,.F.);
#1614=ORIENTED_EDGE('',*,*,#881,.F.);
#1615=ORIENTED_EDGE('',*,*,#885,.F.);
#1616=ORIENTED_EDGE('',*,*,#888,.F.);
#1617=ORIENTED_EDGE('',*,*,#891,.F.);
#1618=ORIENTED_EDGE('',*,*,#894,.F.);
#1619=ORIENTED_EDGE('',*,*,#897,.F.);
#1620=ORIENTED_EDGE('',*,*,#900,.F.);
#1621=CYLINDRICAL_SURFACE('',#1773,2.3);
#1622=CYLINDRICAL_SURFACE('',#1778,2.3);
#1623=CYLINDRICAL_SURFACE('',#1783,2.3);
#1624=CYLINDRICAL_SURFACE('',#1788,2.3);
#1625=CYLINDRICAL_SURFACE('',#1794,9.99999999999999);
#1626=CYLINDRICAL_SURFACE('',#1798,9.99999999999999);
#1627=CYLINDRICAL_SURFACE('',#1802,9.99999999999997);
#1628=CYLINDRICAL_SURFACE('',#1806,9.99999999999999);
#1629=CYLINDRICAL_SURFACE('',#1809,1.5);
#1630=CYLINDRICAL_SURFACE('',#1811,1.5);
#1631=CYLINDRICAL_SURFACE('',#1814,1.5);
#1632=CYLINDRICAL_SURFACE('',#1817,2.);
#1633=CYLINDRICAL_SURFACE('',#1820,2.);
#1634=CYLINDRICAL_SURFACE('',#1823,1.99999999999999);
#1635=CYLINDRICAL_SURFACE('',#1826,1.99999999999999);
#1636=CYLINDRICAL_SURFACE('',#1829,1.99999999999999);
#1637=CYLINDRICAL_SURFACE('',#1832,1.5);
#1638=CYLINDRICAL_SURFACE('',#1835,2.);
#1639=CYLINDRICAL_SURFACE('',#1838,1.5);
#1640=CYLINDRICAL_SURFACE('',#1841,1.5);
#1641=CYLINDRICAL_SURFACE('',#1844,1.5);
#1642=CYLINDRICAL_SURFACE('',#1846,1.5);
#1643=CYLINDRICAL_SURFACE('',#1849,1.5);
#1644=CYLINDRICAL_SURFACE('',#1852,1.99999999999999);
#1645=CYLINDRICAL_SURFACE('',#1855,1.5);
#1646=CYLINDRICAL_SURFACE('',#1857,2.);
#1647=CYLINDRICAL_SURFACE('',#1860,1.5);
#1648=CYLINDRICAL_SURFACE('',#1862,1.5);
#1649=CYLINDRICAL_SURFACE('',#1865,2.);
#1650=CYLINDRICAL_SURFACE('',#1868,2.75);
#1651=CYLINDRICAL_SURFACE('',#1871,30.6968582685941);
#1652=CYLINDRICAL_SURFACE('',#1875,2.75);
#1653=CYLINDRICAL_SURFACE('',#1878,9.);
#1654=CYLINDRICAL_SURFACE('',#1884,8.99999999999999);
#1655=CYLINDRICAL_SURFACE('',#1887,2.75);
#1656=CYLINDRICAL_SURFACE('',#1891,30.6968582685941);
#1657=CYLINDRICAL_SURFACE('',#1894,2.75);
#1658=CYLINDRICAL_SURFACE('',#1897,2.);
#1659=CYLINDRICAL_SURFACE('',#1901,2.);
#1660=CYLINDRICAL_SURFACE('',#1904,2.75);
#1661=CYLINDRICAL_SURFACE('',#1907,30.6968582685941);
#1662=CYLINDRICAL_SURFACE('',#1911,2.75);
#1663=CYLINDRICAL_SURFACE('',#1914,9.);
#1664=CYLINDRICAL_SURFACE('',#1920,9.);
#1665=CYLINDRICAL_SURFACE('',#1923,2.74999999999999);
#1666=CYLINDRICAL_SURFACE('',#1927,30.6968582685941);
#1667=CYLINDRICAL_SURFACE('',#1930,2.75);
#1668=CYLINDRICAL_SURFACE('',#1933,2.);
#1669=ADVANCED_FACE('',(#143),#1621,.F.);
#1670=ADVANCED_FACE('',(#144,#75),#121,.T.);
#1671=ADVANCED_FACE('',(#145),#1622,.F.);
#1672=ADVANCED_FACE('',(#146,#76),#122,.T.);
#1673=ADVANCED_FACE('',(#147),#1623,.F.);
#1674=ADVANCED_FACE('',(#148,#77),#123,.T.);
#1675=ADVANCED_FACE('',(#149),#1624,.F.);
#1676=ADVANCED_FACE('',(#150,#78),#124,.T.);
#1677=ADVANCED_FACE('',(#151),#125,.T.);
#1678=ADVANCED_FACE('',(#152),#1625,.F.);
#1679=ADVANCED_FACE('',(#153),#126,.T.);
#1680=ADVANCED_FACE('',(#154),#1626,.F.);
#1681=ADVANCED_FACE('',(#155),#127,.T.);
#1682=ADVANCED_FACE('',(#156),#1627,.F.);
#1683=ADVANCED_FACE('',(#157),#128,.T.);
#1684=ADVANCED_FACE('',(#158),#1628,.F.);
#1685=ADVANCED_FACE('',(#159),#1629,.F.);
#1686=ADVANCED_FACE('',(#160),#1630,.F.);
#1687=ADVANCED_FACE('',(#161),#1631,.F.);
#1688=ADVANCED_FACE('',(#162),#1632,.F.);
#1689=ADVANCED_FACE('',(#163),#1633,.F.);
#1690=ADVANCED_FACE('',(#164),#1634,.F.);
#1691=ADVANCED_FACE('',(#165),#1635,.F.);
#1692=ADVANCED_FACE('',(#166),#1636,.F.);
#1693=ADVANCED_FACE('',(#167),#1637,.F.);
#1694=ADVANCED_FACE('',(#168),#1638,.F.);
#1695=ADVANCED_FACE('',(#169),#1639,.F.);
#1696=ADVANCED_FACE('',(#170),#1640,.F.);
#1697=ADVANCED_FACE('',(#171),#1641,.F.);
#1698=ADVANCED_FACE('',(#172),#1642,.F.);
#1699=ADVANCED_FACE('',(#173),#1643,.F.);
#1700=ADVANCED_FACE('',(#174),#1644,.F.);
#1701=ADVANCED_FACE('',(#175),#1645,.F.);
#1702=ADVANCED_FACE('',(#176),#1646,.F.);
#1703=ADVANCED_FACE('',(#177),#1647,.F.);
#1704=ADVANCED_FACE('',(#178),#1648,.F.);
#1705=ADVANCED_FACE('',(#179),#1649,.F.);
#1706=ADVANCED_FACE('',(#180),#1650,.T.);
#1707=ADVANCED_FACE('',(#181),#55,.T.);
#1708=ADVANCED_FACE('',(#182),#56,.T.);
#1709=ADVANCED_FACE('',(#183),#1651,.F.);
#1710=ADVANCED_FACE('',(#184),#57,.T.);
#1711=ADVANCED_FACE('',(#185),#129,.T.);
#1712=ADVANCED_FACE('',(#186),#1652,.T.);
#1713=ADVANCED_FACE('',(#187),#58,.T.);
#1714=ADVANCED_FACE('',(#188),#1653,.T.);
#1715=ADVANCED_FACE('',(#189),#130,.T.);
#1716=ADVANCED_FACE('',(#190),#59,.T.);
#1717=ADVANCED_FACE('',(#191),#131,.T.);
#1718=ADVANCED_FACE('',(#192),#60,.T.);
#1719=ADVANCED_FACE('',(#193),#132,.T.);
#1720=ADVANCED_FACE('',(#194),#1654,.T.);
#1721=ADVANCED_FACE('',(#195),#61,.T.);
#1722=ADVANCED_FACE('',(#196),#1655,.T.);
#1723=ADVANCED_FACE('',(#197),#133,.T.);
#1724=ADVANCED_FACE('',(#198),#62,.T.);
#1725=ADVANCED_FACE('',(#199),#1656,.F.);
#1726=ADVANCED_FACE('',(#200),#63,.T.);
#1727=ADVANCED_FACE('',(#201),#64,.T.);
#1728=ADVANCED_FACE('',(#202),#1657,.T.);
#1729=ADVANCED_FACE('',(#203),#1658,.F.);
#1730=ADVANCED_FACE('',(#204),#134,.T.);
#1731=ADVANCED_FACE('',(#205),#1659,.F.);
#1732=ADVANCED_FACE('',(#206),#1660,.T.);
#1733=ADVANCED_FACE('',(#207),#65,.T.);
#1734=ADVANCED_FACE('',(#208),#66,.T.);
#1735=ADVANCED_FACE('',(#209),#1661,.F.);
#1736=ADVANCED_FACE('',(#210),#67,.T.);
#1737=ADVANCED_FACE('',(#211),#135,.T.);
#1738=ADVANCED_FACE('',(#212),#1662,.T.);
#1739=ADVANCED_FACE('',(#213),#68,.T.);
#1740=ADVANCED_FACE('',(#214),#1663,.T.);
#1741=ADVANCED_FACE('',(#215),#136,.T.);
#1742=ADVANCED_FACE('',(#216),#69,.T.);
#1743=ADVANCED_FACE('',(#217),#137,.T.);
#1744=ADVANCED_FACE('',(#218),#70,.T.);
#1745=ADVANCED_FACE('',(#219),#138,.T.);
#1746=ADVANCED_FACE('',(#220),#1664,.T.);
#1747=ADVANCED_FACE('',(#221),#71,.T.);
#1748=ADVANCED_FACE('',(#222),#1665,.T.);
#1749=ADVANCED_FACE('',(#223),#139,.T.);
#1750=ADVANCED_FACE('',(#224),#72,.T.);
#1751=ADVANCED_FACE('',(#225),#1666,.F.);
#1752=ADVANCED_FACE('',(#226),#73,.T.);
#1753=ADVANCED_FACE('',(#227),#74,.T.);
#1754=ADVANCED_FACE('',(#228),#1667,.T.);
#1755=ADVANCED_FACE('',(#229),#1668,.F.);
#1756=ADVANCED_FACE('',(#230),#140,.T.);
#1757=ADVANCED_FACE('',(#231,#79,#80,#81,#82,#83,#84,#85,#86,#87,#88,#89,
#90,#91,#92,#93,#94,#95,#96,#97,#98,#99),#141,.T.);
#1758=ADVANCED_FACE('',(#232,#100,#101,#102,#103,#104,#105,#106,#107,#108,
#109,#110,#111,#112,#113,#114,#115,#116,#117,#118,#119,#120),#142,.F.);
#1759=CLOSED_SHELL('',(#1669,#1670,#1671,#1672,#1673,#1674,#1675,#1676,
#1677,#1678,#1679,#1680,#1681,#1682,#1683,#1684,#1685,#1686,#1687,#1688,
#1689,#1690,#1691,#1692,#1693,#1694,#1695,#1696,#1697,#1698,#1699,#1700,
#1701,#1702,#1703,#1704,#1705,#1706,#1707,#1708,#1709,#1710,#1711,#1712,
#1713,#1714,#1715,#1716,#1717,#1718,#1719,#1720,#1721,#1722,#1723,#1724,
#1725,#1726,#1727,#1728,#1729,#1730,#1731,#1732,#1733,#1734,#1735,#1736,
#1737,#1738,#1739,#1740,#1741,#1742,#1743,#1744,#1745,#1746,#1747,#1748,
#1749,#1750,#1751,#1752,#1753,#1754,#1755,#1756,#1757,#1758));
#1760=DERIVED_UNIT_ELEMENT(#1762,1.);
#1761=DERIVED_UNIT_ELEMENT(#3613,-3.);
#1762=(
MASS_UNIT()
NAMED_UNIT(*)
SI_UNIT(.KILO.,.GRAM.)
);
#1763=DERIVED_UNIT((#1760,#1761));
#1764=MEASURE_REPRESENTATION_ITEM('density measure',
POSITIVE_RATIO_MEASURE(7850.),#1763);
#1765=PROPERTY_DEFINITION_REPRESENTATION(#1770,#1767);
#1766=PROPERTY_DEFINITION_REPRESENTATION(#1771,#1768);
#1767=REPRESENTATION('material name',(#1769),#3610);
#1768=REPRESENTATION('density',(#1764),#3610);
#1769=DESCRIPTIVE_REPRESENTATION_ITEM('Steel','Steel');
#1770=PROPERTY_DEFINITION('material property','material name',#3620);
#1771=PROPERTY_DEFINITION('material property','density of part',#3620);
#1772=AXIS2_PLACEMENT_3D('',#2389,#1939,#1940);
#1773=AXIS2_PLACEMENT_3D('',#2390,#1941,#1942);
#1774=AXIS2_PLACEMENT_3D('',#2392,#1943,#1944);
#1775=AXIS2_PLACEMENT_3D('',#2395,#1946,#1947);
#1776=AXIS2_PLACEMENT_3D('',#2396,#1948,#1949);
#1777=AXIS2_PLACEMENT_3D('',#2398,#1950,#1951);
#1778=AXIS2_PLACEMENT_3D('',#2399,#1952,#1953);
#1779=AXIS2_PLACEMENT_3D('',#2401,#1954,#1955);
#1780=AXIS2_PLACEMENT_3D('',#2404,#1957,#1958);
#1781=AXIS2_PLACEMENT_3D('',#2405,#1959,#1960);
#1782=AXIS2_PLACEMENT_3D('',#2407,#1961,#1962);
#1783=AXIS2_PLACEMENT_3D('',#2408,#1963,#1964);
#1784=AXIS2_PLACEMENT_3D('',#2410,#1965,#1966);
#1785=AXIS2_PLACEMENT_3D('',#2413,#1968,#1969);
#1786=AXIS2_PLACEMENT_3D('',#2414,#1970,#1971);
#1787=AXIS2_PLACEMENT_3D('',#2416,#1972,#1973);
#1788=AXIS2_PLACEMENT_3D('',#2417,#1974,#1975);
#1789=AXIS2_PLACEMENT_3D('',#2419,#1976,#1977);
#1790=AXIS2_PLACEMENT_3D('',#2422,#1979,#1980);
#1791=AXIS2_PLACEMENT_3D('',#2423,#1981,#1982);
#1792=AXIS2_PLACEMENT_3D('',#2425,#1983,#1984);
#1793=AXIS2_PLACEMENT_3D('',#2426,#1985,#1986);
#1794=AXIS2_PLACEMENT_3D('',#2435,#1991,#1992);
#1795=AXIS2_PLACEMENT_3D('',#2437,#1993,#1994);
#1796=AXIS2_PLACEMENT_3D('',#2439,#1995,#1996);
#1797=AXIS2_PLACEMENT_3D('',#2441,#1998,#1999);
#1798=AXIS2_PLACEMENT_3D('',#2447,#2003,#2004);
#1799=AXIS2_PLACEMENT_3D('',#2449,#2005,#2006);
#1800=AXIS2_PLACEMENT_3D('',#2451,#2007,#2008);
#1801=AXIS2_PLACEMENT_3D('',#2453,#2010,#2011);
#1802=AXIS2_PLACEMENT_3D('',#2459,#2015,#2016);
#1803=AXIS2_PLACEMENT_3D('',#2461,#2017,#2018);
#1804=AXIS2_PLACEMENT_3D('',#2463,#2019,#2020);
#1805=AXIS2_PLACEMENT_3D('',#2465,#2022,#2023);
#1806=AXIS2_PLACEMENT_3D('',#2471,#2027,#2028);
#1807=AXIS2_PLACEMENT_3D('',#2472,#2029,#2030);
#1808=AXIS2_PLACEMENT_3D('',#2473,#2031,#2032);
#1809=AXIS2_PLACEMENT_3D('',#2474,#2033,#2034);
#1810=AXIS2_PLACEMENT_3D('',#2476,#2035,#2036);
#1811=AXIS2_PLACEMENT_3D('',#2478,#2038,#2039);
#1812=AXIS2_PLACEMENT_3D('',#2480,#2040,#2041);
#1813=AXIS2_PLACEMENT_3D('',#2483,#2043,#2044);
#1814=AXIS2_PLACEMENT_3D('',#2484,#2045,#2046);
#1815=AXIS2_PLACEMENT_3D('',#2486,#2047,#2048);
#1816=AXIS2_PLACEMENT_3D('',#2489,#2050,#2051);
#1817=AXIS2_PLACEMENT_3D('',#2490,#2052,#2053);
#1818=AXIS2_PLACEMENT_3D('',#2492,#2054,#2055);
#1819=AXIS2_PLACEMENT_3D('',#2495,#2057,#2058);
#1820=AXIS2_PLACEMENT_3D('',#2496,#2059,#2060);
#1821=AXIS2_PLACEMENT_3D('',#2498,#2061,#2062);
#1822=AXIS2_PLACEMENT_3D('',#2501,#2064,#2065);
#1823=AXIS2_PLACEMENT_3D('',#2502,#2066,#2067);
#1824=AXIS2_PLACEMENT_3D('',#2504,#2068,#2069);
#1825=AXIS2_PLACEMENT_3D('',#2507,#2071,#2072);
#1826=AXIS2_PLACEMENT_3D('',#2508,#2073,#2074);
#1827=AXIS2_PLACEMENT_3D('',#2510,#2075,#2076);
#1828=AXIS2_PLACEMENT_3D('',#2513,#2078,#2079);
#1829=AXIS2_PLACEMENT_3D('',#2514,#2080,#2081);
#1830=AXIS2_PLACEMENT_3D('',#2516,#2082,#2083);
#1831=AXIS2_PLACEMENT_3D('',#2519,#2085,#2086);
#1832=AXIS2_PLACEMENT_3D('',#2520,#2087,#2088);
#1833=AXIS2_PLACEMENT_3D('',#2522,#2089,#2090);
#1834=AXIS2_PLACEMENT_3D('',#2525,#2092,#2093);
#1835=AXIS2_PLACEMENT_3D('',#2526,#2094,#2095);
#1836=AXIS2_PLACEMENT_3D('',#2528,#2096,#2097);
#1837=AXIS2_PLACEMENT_3D('',#2531,#2099,#2100);
#1838=AXIS2_PLACEMENT_3D('',#2532,#2101,#2102);
#1839=AXIS2_PLACEMENT_3D('',#2534,#2103,#2104);
#1840=AXIS2_PLACEMENT_3D('',#2537,#2106,#2107);
#1841=AXIS2_PLACEMENT_3D('',#2538,#2108,#2109);
#1842=AXIS2_PLACEMENT_3D('',#2540,#2110,#2111);
#1843=AXIS2_PLACEMENT_3D('',#2543,#2113,#2114);
#1844=AXIS2_PLACEMENT_3D('',#2544,#2115,#2116);
#1845=AXIS2_PLACEMENT_3D('',#2546,#2117,#2118);
#1846=AXIS2_PLACEMENT_3D('',#2548,#2120,#2121);
#1847=AXIS2_PLACEMENT_3D('',#2550,#2122,#2123);
#1848=AXIS2_PLACEMENT_3D('',#2553,#2125,#2126);
#1849=AXIS2_PLACEMENT_3D('',#2554,#2127,#2128);
#1850=AXIS2_PLACEMENT_3D('',#2556,#2129,#2130);
#1851=AXIS2_PLACEMENT_3D('',#2559,#2132,#2133);
#1852=AXIS2_PLACEMENT_3D('',#2560,#2134,#2135);
#1853=AXIS2_PLACEMENT_3D('',#2562,#2136,#2137);
#1854=AXIS2_PLACEMENT_3D('',#2565,#2139,#2140);
#1855=AXIS2_PLACEMENT_3D('',#2566,#2141,#2142);
#1856=AXIS2_PLACEMENT_3D('',#2568,#2143,#2144);
#1857=AXIS2_PLACEMENT_3D('',#2570,#2146,#2147);
#1858=AXIS2_PLACEMENT_3D('',#2572,#2148,#2149);
#1859=AXIS2_PLACEMENT_3D('',#2575,#2151,#2152);
#1860=AXIS2_PLACEMENT_3D('',#2576,#2153,#2154);
#1861=AXIS2_PLACEMENT_3D('',#2578,#2155,#2156);
#1862=AXIS2_PLACEMENT_3D('',#2580,#2158,#2159);
#1863=AXIS2_PLACEMENT_3D('',#2582,#2160,#2161);
#1864=AXIS2_PLACEMENT_3D('',#2585,#2163,#2164);
#1865=AXIS2_PLACEMENT_3D('',#2586,#2165,#2166);
#1866=AXIS2_PLACEMENT_3D('',#2589,#2167,#2168);
#1867=AXIS2_PLACEMENT_3D('',#2593,#2170,#2171);
#1868=AXIS2_PLACEMENT_3D('',#2595,#2173,#2174);
#1869=AXIS2_PLACEMENT_3D('',#2597,#2175,#2176);
#1870=AXIS2_PLACEMENT_3D('',#2599,#2177,#2178);
#1871=AXIS2_PLACEMENT_3D('',#2679,#2182,#2183);
#1872=AXIS2_PLACEMENT_3D('',#2681,#2184,#2185);
#1873=AXIS2_PLACEMENT_3D('',#2683,#2186,#2187);
#1874=AXIS2_PLACEMENT_3D('',#2728,#2190,#2191);
#1875=AXIS2_PLACEMENT_3D('',#2734,#2195,#2196);
#1876=AXIS2_PLACEMENT_3D('',#2736,#2197,#2198);
#1877=AXIS2_PLACEMENT_3D('',#2738,#2199,#2200);
#1878=AXIS2_PLACEMENT_3D('',#2783,#2203,#2204);
#1879=AXIS2_PLACEMENT_3D('',#2785,#2205,#2206);
#1880=AXIS2_PLACEMENT_3D('',#2787,#2207,#2208);
#1881=AXIS2_PLACEMENT_3D('',#2789,#2210,#2211);
#1882=AXIS2_PLACEMENT_3D('',#2838,#2216,#2217);
#1883=AXIS2_PLACEMENT_3D('',#2887,#2222,#2223);
#1884=AXIS2_PLACEMENT_3D('',#2893,#2227,#2228);
#1885=AXIS2_PLACEMENT_3D('',#2895,#2229,#2230);
#1886=AXIS2_PLACEMENT_3D('',#2897,#2231,#2232);
#1887=AXIS2_PLACEMENT_3D('',#2942,#2235,#2236);
#1888=AXIS2_PLACEMENT_3D('',#2944,#2237,#2238);
#1889=AXIS2_PLACEMENT_3D('',#2946,#2239,#2240);
#1890=AXIS2_PLACEMENT_3D('',#2948,#2242,#2243);
#1891=AXIS2_PLACEMENT_3D('',#2997,#2248,#2249);
#1892=AXIS2_PLACEMENT_3D('',#2999,#2250,#2251);
#1893=AXIS2_PLACEMENT_3D('',#3001,#2252,#2253);
#1894=AXIS2_PLACEMENT_3D('',#3081,#2257,#2258);
#1895=AXIS2_PLACEMENT_3D('',#3083,#2259,#2260);
#1896=AXIS2_PLACEMENT_3D('',#3085,#2261,#2262);
#1897=AXIS2_PLACEMENT_3D('',#3087,#2264,#2265);
#1898=AXIS2_PLACEMENT_3D('',#3089,#2266,#2267);
#1899=AXIS2_PLACEMENT_3D('',#3091,#2268,#2269);
#1900=AXIS2_PLACEMENT_3D('',#3093,#2271,#2272);
#1901=AXIS2_PLACEMENT_3D('',#3099,#2276,#2277);
#1902=AXIS2_PLACEMENT_3D('',#3101,#2278,#2279);
#1903=AXIS2_PLACEMENT_3D('',#3103,#2280,#2281);
#1904=AXIS2_PLACEMENT_3D('',#3105,#2283,#2284);
#1905=AXIS2_PLACEMENT_3D('',#3107,#2285,#2286);
#1906=AXIS2_PLACEMENT_3D('',#3109,#2287,#2288);
#1907=AXIS2_PLACEMENT_3D('',#3189,#2292,#2293);
#1908=AXIS2_PLACEMENT_3D('',#3191,#2294,#2295);
#1909=AXIS2_PLACEMENT_3D('',#3193,#2296,#2297);
#1910=AXIS2_PLACEMENT_3D('',#3238,#2300,#2301);
#1911=AXIS2_PLACEMENT_3D('',#3244,#2305,#2306);
#1912=AXIS2_PLACEMENT_3D('',#3246,#2307,#2308);
#1913=AXIS2_PLACEMENT_3D('',#3248,#2309,#2310);
#1914=AXIS2_PLACEMENT_3D('',#3293,#2313,#2314);
#1915=AXIS2_PLACEMENT_3D('',#3295,#2315,#2316);
#1916=AXIS2_PLACEMENT_3D('',#3297,#2317,#2318);
#1917=AXIS2_PLACEMENT_3D('',#3299,#2320,#2321);
#1918=AXIS2_PLACEMENT_3D('',#3348,#2326,#2327);
#1919=AXIS2_PLACEMENT_3D('',#3397,#2332,#2333);
#1920=AXIS2_PLACEMENT_3D('',#3403,#2337,#2338);
#1921=AXIS2_PLACEMENT_3D('',#3405,#2339,#2340);
#1922=AXIS2_PLACEMENT_3D('',#3407,#2341,#2342);
#1923=AXIS2_PLACEMENT_3D('',#3452,#2345,#2346);
#1924=AXIS2_PLACEMENT_3D('',#3454,#2347,#2348);
#1925=AXIS2_PLACEMENT_3D('',#3456,#2349,#2350);
#1926=AXIS2_PLACEMENT_3D('',#3458,#2352,#2353);
#1927=AXIS2_PLACEMENT_3D('',#3507,#2358,#2359);
#1928=AXIS2_PLACEMENT_3D('',#3509,#2360,#2361);
#1929=AXIS2_PLACEMENT_3D('',#3511,#2362,#2363);
#1930=AXIS2_PLACEMENT_3D('',#3591,#2367,#2368);
#1931=AXIS2_PLACEMENT_3D('',#3593,#2369,#2370);
#1932=AXIS2_PLACEMENT_3D('',#3595,#2371,#2372);
#1933=AXIS2_PLACEMENT_3D('',#3597,#2374,#2375);
#1934=AXIS2_PLACEMENT_3D('',#3599,#2376,#2377);
#1935=AXIS2_PLACEMENT_3D('',#3601,#2378,#2379);
#1936=AXIS2_PLACEMENT_3D('',#3603,#2381,#2382);
#1937=AXIS2_PLACEMENT_3D('',#3606,#2385,#2386);
#1938=AXIS2_PLACEMENT_3D('',#3607,#2387,#2388);
#1939=DIRECTION('axis',(0.,0.,1.));
#1940=DIRECTION('refdir',(1.,0.,0.));
#1941=DIRECTION('center_axis',(0.,1.,0.));
#1942=DIRECTION('ref_axis',(1.,0.,0.));
#1943=DIRECTION('center_axis',(0.,1.,0.));
#1944=DIRECTION('ref_axis',(1.,0.,0.));
#1945=DIRECTION('',(0.,1.,0.));
#1946=DIRECTION('center_axis',(0.,1.,0.));
#1947=DIRECTION('ref_axis',(1.,0.,0.));
#1948=DIRECTION('center_axis',(0.,-1.,0.));
#1949=DIRECTION('ref_axis',(1.,0.,0.));
#1950=DIRECTION('center_axis',(0.,-1.,0.));
#1951=DIRECTION('ref_axis',(1.,0.,0.));
#1952=DIRECTION('center_axis',(0.,1.,0.));
#1953=DIRECTION('ref_axis',(1.,0.,0.));
#1954=DIRECTION('center_axis',(0.,1.,0.));
#1955=DIRECTION('ref_axis',(1.,0.,0.));
#1956=DIRECTION('',(0.,1.,0.));
#1957=DIRECTION('center_axis',(0.,1.,0.));
#1958=DIRECTION('ref_axis',(1.,0.,0.));
#1959=DIRECTION('center_axis',(0.,-1.,0.));
#1960=DIRECTION('ref_axis',(1.,0.,0.));
#1961=DIRECTION('center_axis',(0.,-1.,0.));
#1962=DIRECTION('ref_axis',(1.,0.,0.));
#1963=DIRECTION('center_axis',(0.,1.,0.));
#1964=DIRECTION('ref_axis',(1.,0.,0.));
#1965=DIRECTION('center_axis',(0.,1.,0.));
#1966=DIRECTION('ref_axis',(1.,0.,0.));
#1967=DIRECTION('',(0.,1.,0.));
#1968=DIRECTION('center_axis',(0.,1.,0.));
#1969=DIRECTION('ref_axis',(1.,0.,0.));
#1970=DIRECTION('center_axis',(0.,-1.,0.));
#1971=DIRECTION('ref_axis',(1.,0.,0.));
#1972=DIRECTION('center_axis',(0.,-1.,0.));
#1973=DIRECTION('ref_axis',(1.,0.,0.));
#1974=DIRECTION('center_axis',(0.,1.,0.));
#1975=DIRECTION('ref_axis',(1.,0.,0.));
#1976=DIRECTION('center_axis',(0.,1.,0.));
#1977=DIRECTION('ref_axis',(1.,0.,0.));
#1978=DIRECTION('',(0.,1.,0.));
#1979=DIRECTION('center_axis',(0.,1.,0.));
#1980=DIRECTION('ref_axis',(1.,0.,0.));
#1981=DIRECTION('center_axis',(0.,-1.,0.));
#1982=DIRECTION('ref_axis',(1.,0.,0.));
#1983=DIRECTION('center_axis',(0.,-1.,0.));
#1984=DIRECTION('ref_axis',(1.,0.,0.));
#1985=DIRECTION('center_axis',(-1.,0.,0.));
#1986=DIRECTION('ref_axis',(0.,0.,1.));
#1987=DIRECTION('',(0.,0.,1.));
#1988=DIRECTION('',(0.,1.,0.));
#1989=DIRECTION('',(0.,0.,1.));
#1990=DIRECTION('',(0.,1.,0.));
#1991=DIRECTION('center_axis',(0.,1.,0.));
#1992=DIRECTION('ref_axis',(1.,0.,1.33226762955019E-15));
#1993=DIRECTION('center_axis',(0.,-1.,0.));
#1994=DIRECTION('ref_axis',(1.,0.,1.33226762955019E-15));
#1995=DIRECTION('center_axis',(0.,-1.,0.));
#1996=DIRECTION('ref_axis',(1.,0.,1.33226762955019E-15));
#1997=DIRECTION('',(0.,1.,0.));
#1998=DIRECTION('center_axis',(0.,0.,1.));
#1999=DIRECTION('ref_axis',(1.,0.,0.));
#2000=DIRECTION('',(1.,0.,0.));
#2001=DIRECTION('',(1.,0.,0.));
#2002=DIRECTION('',(0.,1.,0.));
#2003=DIRECTION('center_axis',(0.,1.,0.));
#2004=DIRECTION('ref_axis',(1.11022302462516E-15,0.,-1.));
#2005=DIRECTION('center_axis',(0.,-1.,0.));
#2006=DIRECTION('ref_axis',(1.11022302462516E-15,0.,-1.));
#2007=DIRECTION('center_axis',(0.,-1.,0.));
#2008=DIRECTION('ref_axis',(1.11022302462516E-15,0.,-1.));
#2009=DIRECTION('',(0.,1.,0.));
#2010=DIRECTION('center_axis',(1.,0.,-1.93082265152201E-16));
#2011=DIRECTION('ref_axis',(-1.93082265152201E-16,0.,-1.));
#2012=DIRECTION('',(-1.93082265152201E-16,0.,-1.));
#2013=DIRECTION('',(-1.93082265152201E-16,0.,-1.));
#2014=DIRECTION('',(0.,1.,0.));
#2015=DIRECTION('center_axis',(0.,1.,0.));
#2016=DIRECTION('ref_axis',(-1.,0.,-6.66133814775096E-16));
#2017=DIRECTION('center_axis',(0.,-1.,0.));
#2018=DIRECTION('ref_axis',(-1.,0.,-6.66133814775096E-16));
#2019=DIRECTION('center_axis',(0.,-1.,0.));
#2020=DIRECTION('ref_axis',(-1.,0.,-6.66133814775096E-16));
#2021=DIRECTION('',(0.,1.,0.));
#2022=DIRECTION('center_axis',(0.,0.,-1.));
#2023=DIRECTION('ref_axis',(-1.,0.,0.));
#2024=DIRECTION('',(-1.,0.,0.));
#2025=DIRECTION('',(-1.,0.,0.));
#2026=DIRECTION('',(0.,1.,0.));
#2027=DIRECTION('center_axis',(0.,1.,0.));
#2028=DIRECTION('ref_axis',(-1.11022302462516E-15,0.,1.));
#2029=DIRECTION('center_axis',(0.,-1.,0.));
#2030=DIRECTION('ref_axis',(-1.11022302462516E-15,0.,1.));
#2031=DIRECTION('center_axis',(0.,-1.,0.));
#2032=DIRECTION('ref_axis',(-1.11022302462516E-15,0.,1.));
#2033=DIRECTION('center_axis',(0.,1.,0.));
#2034=DIRECTION('ref_axis',(1.,0.,0.));
#2035=DIRECTION('center_axis',(0.,-1.,0.));
#2036=DIRECTION('ref_axis',(1.,0.,0.));
#2037=DIRECTION('',(0.,-1.,0.));
#2038=DIRECTION('center_axis',(0.,1.,0.));
#2039=DIRECTION('ref_axis',(1.,0.,0.));
#2040=DIRECTION('center_axis',(0.,-1.,0.));
#2041=DIRECTION('ref_axis',(1.,0.,0.));
#2042=DIRECTION('',(0.,-1.,0.));
#2043=DIRECTION('center_axis',(0.,-1.,0.));
#2044=DIRECTION('ref_axis',(1.,0.,0.));
#2045=DIRECTION('center_axis',(0.,1.,0.));
#2046=DIRECTION('ref_axis',(1.,0.,0.));
#2047=DIRECTION('center_axis',(0.,-1.,0.));
#2048=DIRECTION('ref_axis',(1.,0.,0.));
#2049=DIRECTION('',(0.,-1.,0.));
#2050=DIRECTION('center_axis',(0.,-1.,0.));
#2051=DIRECTION('ref_axis',(1.,0.,0.));
#2052=DIRECTION('center_axis',(0.,1.,0.));
#2053=DIRECTION('ref_axis',(1.,0.,0.));
#2054=DIRECTION('center_axis',(0.,-1.,0.));
#2055=DIRECTION('ref_axis',(1.,0.,0.));
#2056=DIRECTION('',(0.,-1.,0.));
#2057=DIRECTION('center_axis',(0.,-1.,0.));
#2058=DIRECTION('ref_axis',(1.,0.,0.));
#2059=DIRECTION('center_axis',(0.,1.,0.));
#2060=DIRECTION('ref_axis',(1.,0.,0.));
#2061=DIRECTION('center_axis',(0.,-1.,0.));
#2062=DIRECTION('ref_axis',(1.,0.,0.));
#2063=DIRECTION('',(0.,-1.,0.));
#2064=DIRECTION('center_axis',(0.,-1.,0.));
#2065=DIRECTION('ref_axis',(1.,0.,0.));
#2066=DIRECTION('center_axis',(0.,1.,0.));
#2067=DIRECTION('ref_axis',(1.,0.,0.));
#2068=DIRECTION('center_axis',(0.,-1.,0.));
#2069=DIRECTION('ref_axis',(1.,0.,0.));
#2070=DIRECTION('',(0.,-1.,0.));
#2071=DIRECTION('center_axis',(0.,-1.,0.));
#2072=DIRECTION('ref_axis',(1.,0.,0.));
#2073=DIRECTION('center_axis',(0.,1.,0.));
#2074=DIRECTION('ref_axis',(1.,0.,0.));
#2075=DIRECTION('center_axis',(0.,-1.,0.));
#2076=DIRECTION('ref_axis',(1.,0.,0.));
#2077=DIRECTION('',(0.,-1.,0.));
#2078=DIRECTION('center_axis',(0.,-1.,0.));
#2079=DIRECTION('ref_axis',(1.,0.,0.));
#2080=DIRECTION('center_axis',(0.,1.,0.));
#2081=DIRECTION('ref_axis',(1.,0.,0.));
#2082=DIRECTION('center_axis',(0.,-1.,0.));
#2083=DIRECTION('ref_axis',(1.,0.,0.));
#2084=DIRECTION('',(0.,-1.,0.));
#2085=DIRECTION('center_axis',(0.,-1.,0.));
#2086=DIRECTION('ref_axis',(1.,0.,0.));
#2087=DIRECTION('center_axis',(0.,1.,0.));
#2088=DIRECTION('ref_axis',(1.,0.,0.));
#2089=DIRECTION('center_axis',(0.,-1.,0.));
#2090=DIRECTION('ref_axis',(1.,0.,0.));
#2091=DIRECTION('',(0.,-1.,0.));
#2092=DIRECTION('center_axis',(0.,-1.,0.));
#2093=DIRECTION('ref_axis',(1.,0.,0.));
#2094=DIRECTION('center_axis',(0.,1.,0.));
#2095=DIRECTION('ref_axis',(1.,0.,0.));
#2096=DIRECTION('center_axis',(0.,-1.,0.));
#2097=DIRECTION('ref_axis',(1.,0.,0.));
#2098=DIRECTION('',(0.,-1.,0.));
#2099=DIRECTION('center_axis',(0.,-1.,0.));
#2100=DIRECTION('ref_axis',(1.,0.,0.));
#2101=DIRECTION('center_axis',(0.,1.,0.));
#2102=DIRECTION('ref_axis',(1.,0.,0.));
#2103=DIRECTION('center_axis',(0.,-1.,0.));
#2104=DIRECTION('ref_axis',(1.,0.,0.));
#2105=DIRECTION('',(0.,-1.,0.));
#2106=DIRECTION('center_axis',(0.,-1.,0.));
#2107=DIRECTION('ref_axis',(1.,0.,0.));
#2108=DIRECTION('center_axis',(0.,1.,0.));
#2109=DIRECTION('ref_axis',(1.,0.,0.));
#2110=DIRECTION('center_axis',(0.,-1.,0.));
#2111=DIRECTION('ref_axis',(1.,0.,0.));
#2112=DIRECTION('',(0.,-1.,0.));
#2113=DIRECTION('center_axis',(0.,-1.,0.));
#2114=DIRECTION('ref_axis',(1.,0.,0.));
#2115=DIRECTION('center_axis',(0.,1.,0.));
#2116=DIRECTION('ref_axis',(1.,0.,0.));
#2117=DIRECTION('center_axis',(0.,-1.,0.));
#2118=DIRECTION('ref_axis',(1.,0.,0.));
#2119=DIRECTION('',(0.,-1.,0.));
#2120=DIRECTION('center_axis',(0.,1.,0.));
#2121=DIRECTION('ref_axis',(1.,0.,0.));
#2122=DIRECTION('center_axis',(0.,-1.,0.));
#2123=DIRECTION('ref_axis',(1.,0.,0.));
#2124=DIRECTION('',(0.,-1.,0.));
#2125=DIRECTION('center_axis',(0.,-1.,0.));
#2126=DIRECTION('ref_axis',(1.,0.,0.));
#2127=DIRECTION('center_axis',(0.,1.,0.));
#2128=DIRECTION('ref_axis',(1.,0.,0.));
#2129=DIRECTION('center_axis',(0.,-1.,0.));
#2130=DIRECTION('ref_axis',(1.,0.,0.));
#2131=DIRECTION('',(0.,-1.,0.));
#2132=DIRECTION('center_axis',(0.,-1.,0.));
#2133=DIRECTION('ref_axis',(1.,0.,0.));
#2134=DIRECTION('center_axis',(0.,1.,0.));
#2135=DIRECTION('ref_axis',(1.,0.,0.));
#2136=DIRECTION('center_axis',(0.,-1.,0.));
#2137=DIRECTION('ref_axis',(1.,0.,0.));
#2138=DIRECTION('',(0.,-1.,0.));
#2139=DIRECTION('center_axis',(0.,-1.,0.));
#2140=DIRECTION('ref_axis',(1.,0.,0.));
#2141=DIRECTION('center_axis',(0.,1.,0.));
#2142=DIRECTION('ref_axis',(1.,0.,0.));
#2143=DIRECTION('center_axis',(0.,-1.,0.));
#2144=DIRECTION('ref_axis',(1.,0.,0.));
#2145=DIRECTION('',(0.,-1.,0.));
#2146=DIRECTION('center_axis',(0.,1.,0.));
#2147=DIRECTION('ref_axis',(1.,0.,0.));
#2148=DIRECTION('center_axis',(0.,-1.,0.));
#2149=DIRECTION('ref_axis',(1.,0.,0.));
#2150=DIRECTION('',(0.,-1.,0.));
#2151=DIRECTION('center_axis',(0.,-1.,0.));
#2152=DIRECTION('ref_axis',(1.,0.,0.));
#2153=DIRECTION('center_axis',(0.,1.,0.));
#2154=DIRECTION('ref_axis',(1.,0.,0.));
#2155=DIRECTION('center_axis',(0.,-1.,0.));
#2156=DIRECTION('ref_axis',(1.,0.,0.));
#2157=DIRECTION('',(0.,-1.,0.));
#2158=DIRECTION('center_axis',(0.,1.,0.));
#2159=DIRECTION('ref_axis',(1.,0.,0.));
#2160=DIRECTION('center_axis',(0.,-1.,0.));
#2161=DIRECTION('ref_axis',(1.,0.,0.));
#2162=DIRECTION('',(0.,-1.,0.));
#2163=DIRECTION('center_axis',(0.,-1.,0.));
#2164=DIRECTION('ref_axis',(1.,0.,0.));
#2165=DIRECTION('center_axis',(0.,1.,0.));
#2166=DIRECTION('ref_axis',(0.,0.,-1.));
#2167=DIRECTION('center_axis',(0.,1.,0.));
#2168=DIRECTION('ref_axis',(0.,0.,-1.));
#2169=DIRECTION('',(0.,1.,0.));
#2170=DIRECTION('center_axis',(0.,-1.,0.));
#2171=DIRECTION('ref_axis',(0.,0.,-1.));
#2172=DIRECTION('',(0.,1.,0.));
#2173=DIRECTION('center_axis',(0.,1.,0.));
#2174=DIRECTION('ref_axis',(-0.866025403784439,0.,0.499999999999999));
#2175=DIRECTION('center_axis',(0.,1.,0.));
#2176=DIRECTION('ref_axis',(-0.866025403784439,0.,0.499999999999999));
#2177=DIRECTION('center_axis',(0.,1.,0.));
#2178=DIRECTION('ref_axis',(-0.866025403784439,0.,0.499999999999999));
#2179=DIRECTION('',(0.,1.,0.));
#2180=DIRECTION('',(0.,1.,0.));
#2181=DIRECTION('',(0.,1.,0.));
#2182=DIRECTION('center_axis',(0.,1.,0.));
#2183=DIRECTION('ref_axis',(-0.3275769541194,0.,-0.944824501762024));
#2184=DIRECTION('center_axis',(0.,1.,0.));
#2185=DIRECTION('ref_axis',(-0.3275769541194,0.,-0.944824501762024));
#2186=DIRECTION('center_axis',(0.,-1.,0.));
#2187=DIRECTION('ref_axis',(-0.3275769541194,0.,-0.944824501762024));
#2188=DIRECTION('',(0.,1.,0.));
#2189=DIRECTION('',(0.,1.,0.));
#2190=DIRECTION('center_axis',(1.,0.,0.));
#2191=DIRECTION('ref_axis',(0.,0.,-1.));
#2192=DIRECTION('',(0.,0.,-1.));
#2193=DIRECTION('',(0.,0.,-1.));
#2194=DIRECTION('',(0.,1.,0.));
#2195=DIRECTION('center_axis',(0.,1.,0.));
#2196=DIRECTION('ref_axis',(-0.500000000000001,0.,0.866025403784438));
#2197=DIRECTION('center_axis',(0.,1.,0.));
#2198=DIRECTION('ref_axis',(-0.500000000000001,0.,0.866025403784438));
#2199=DIRECTION('center_axis',(0.,1.,0.));
#2200=DIRECTION('ref_axis',(-0.500000000000001,0.,0.866025403784438));
#2201=DIRECTION('',(0.,1.,0.));
#2202=DIRECTION('',(0.,1.,0.));
#2203=DIRECTION('center_axis',(0.,1.,0.));
#2204=DIRECTION('ref_axis',(-0.713176029494197,0.,-0.700984986254979));
#2205=DIRECTION('center_axis',(0.,1.,0.));
#2206=DIRECTION('ref_axis',(-0.713176029494197,0.,-0.700984986254979));
#2207=DIRECTION('center_axis',(0.,1.,0.));
#2208=DIRECTION('ref_axis',(-0.713176029494197,0.,-0.700984986254979));
#2209=DIRECTION('',(0.,1.,0.));
#2210=DIRECTION('center_axis',(-0.713176029494197,0.,-0.700984986254979));
#2211=DIRECTION('ref_axis',(-0.700984986254979,0.,0.713176029494197));
#2212=DIRECTION('',(0.700984986254979,0.,-0.713176029494197));
#2213=DIRECTION('',(-0.700984986254979,0.,0.713176029494197));
#2214=DIRECTION('',(0.,1.,0.));
#2215=DIRECTION('',(0.,1.,0.));
#2216=DIRECTION('center_axis',(-1.,0.,0.));
#2217=DIRECTION('ref_axis',(0.,0.,1.));
#2218=DIRECTION('',(0.,0.,-1.));
#2219=DIRECTION('',(0.,0.,1.));
#2220=DIRECTION('',(0.,1.,0.));
#2221=DIRECTION('',(0.,1.,0.));
#2222=DIRECTION('center_axis',(-0.713176029494197,0.,0.700984986254979));
#2223=DIRECTION('ref_axis',(0.700984986254979,0.,0.713176029494197));
#2224=DIRECTION('',(0.700984986254979,0.,0.713176029494197));
#2225=DIRECTION('',(0.700984986254979,0.,0.713176029494197));
#2226=DIRECTION('',(0.,1.,0.));
#2227=DIRECTION('center_axis',(0.,1.,0.));
#2228=DIRECTION('ref_axis',(0.707106781186548,0.,-0.707106781186548));
#2229=DIRECTION('center_axis',(0.,1.,0.));
#2230=DIRECTION('ref_axis',(0.707106781186548,0.,-0.707106781186548));
#2231=DIRECTION('center_axis',(0.,1.,0.));
#2232=DIRECTION('ref_axis',(0.707106781186548,0.,-0.707106781186548));
#2233=DIRECTION('',(0.,1.,0.));
#2234=DIRECTION('',(0.,1.,0.));
#2235=DIRECTION('center_axis',(0.,1.,0.));
#2236=DIRECTION('ref_axis',(1.,0.,0.));
#2237=DIRECTION('center_axis',(0.,1.,0.));
#2238=DIRECTION('ref_axis',(1.,0.,0.));
#2239=DIRECTION('center_axis',(0.,1.,0.));
#2240=DIRECTION('ref_axis',(1.,0.,0.));
#2241=DIRECTION('',(0.,1.,0.));
#2242=DIRECTION('center_axis',(1.,0.,0.));
#2243=DIRECTION('ref_axis',(0.,0.,-1.));
#2244=DIRECTION('',(0.,0.,1.));
#2245=DIRECTION('',(0.,0.,-1.));
#2246=DIRECTION('',(0.,1.,0.));
#2247=DIRECTION('',(0.,1.,0.));
#2248=DIRECTION('center_axis',(0.,1.,0.));
#2249=DIRECTION('ref_axis',(-0.629622428225011,0.,0.776901279363112));
#2250=DIRECTION('center_axis',(0.,1.,0.));
#2251=DIRECTION('ref_axis',(-0.629622428225011,0.,0.776901279363112));
#2252=DIRECTION('center_axis',(0.,-1.,0.));
#2253=DIRECTION('ref_axis',(-0.629622428225011,0.,0.776901279363112));
#2254=DIRECTION('',(0.,1.,0.));
#2255=DIRECTION('',(0.,1.,0.));
#2256=DIRECTION('',(0.,1.,0.));
#2257=DIRECTION('center_axis',(0.,1.,0.));
#2258=DIRECTION('ref_axis',(0.983858648046141,0.,-0.178947368421053));
#2259=DIRECTION('center_axis',(0.,1.,0.));
#2260=DIRECTION('ref_axis',(0.983858648046141,0.,-0.178947368421053));
#2261=DIRECTION('center_axis',(0.,1.,0.));
#2262=DIRECTION('ref_axis',(0.983858648046141,0.,-0.178947368421053));
#2263=DIRECTION('',(0.,1.,0.));
#2264=DIRECTION('center_axis',(0.,1.,0.));
#2265=DIRECTION('ref_axis',(-0.983858648046141,0.,0.178947368421054));
#2266=DIRECTION('center_axis',(0.,1.,0.));
#2267=DIRECTION('ref_axis',(-0.983858648046141,0.,0.178947368421054));
#2268=DIRECTION('center_axis',(0.,-1.,0.));
#2269=DIRECTION('ref_axis',(-0.983858648046141,0.,0.178947368421054));
#2270=DIRECTION('',(0.,1.,0.));
#2271=DIRECTION('center_axis',(0.,0.,-1.));
#2272=DIRECTION('ref_axis',(-1.,0.,0.));
#2273=DIRECTION('',(1.,0.,0.));
#2274=DIRECTION('',(-1.,0.,0.));
#2275=DIRECTION('',(0.,1.,0.));
#2276=DIRECTION('center_axis',(0.,1.,0.));
#2277=DIRECTION('ref_axis',(5.55111512312578E-16,0.,1.));
#2278=DIRECTION('center_axis',(0.,1.,0.));
#2279=DIRECTION('ref_axis',(5.55111512312578E-16,0.,1.));
#2280=DIRECTION('center_axis',(0.,-1.,0.));
#2281=DIRECTION('ref_axis',(5.55111512312578E-16,0.,1.));
#2282=DIRECTION('',(0.,1.,0.));
#2283=DIRECTION('center_axis',(0.,1.,0.));
#2284=DIRECTION('ref_axis',(0.866025403784439,0.,-0.499999999999999));
#2285=DIRECTION('center_axis',(0.,1.,0.));
#2286=DIRECTION('ref_axis',(0.866025403784439,0.,-0.499999999999999));
#2287=DIRECTION('center_axis',(0.,1.,0.));
#2288=DIRECTION('ref_axis',(0.866025403784439,0.,-0.499999999999999));
#2289=DIRECTION('',(0.,1.,0.));
#2290=DIRECTION('',(0.,1.,0.));
#2291=DIRECTION('',(0.,1.,0.));
#2292=DIRECTION('center_axis',(0.,1.,0.));
#2293=DIRECTION('ref_axis',(0.3275769541194,0.,0.944824501762024));
#2294=DIRECTION('center_axis',(0.,1.,0.));
#2295=DIRECTION('ref_axis',(0.3275769541194,0.,0.944824501762024));
#2296=DIRECTION('center_axis',(0.,-1.,0.));
#2297=DIRECTION('ref_axis',(0.3275769541194,0.,0.944824501762024));
#2298=DIRECTION('',(0.,1.,0.));
#2299=DIRECTION('',(0.,1.,0.));
#2300=DIRECTION('center_axis',(-1.,0.,0.));
#2301=DIRECTION('ref_axis',(0.,0.,1.));
#2302=DIRECTION('',(0.,0.,1.));
#2303=DIRECTION('',(0.,0.,1.));
#2304=DIRECTION('',(0.,1.,0.));
#2305=DIRECTION('center_axis',(0.,1.,0.));
#2306=DIRECTION('ref_axis',(0.500000000000001,0.,-0.866025403784438));
#2307=DIRECTION('center_axis',(0.,1.,0.));
#2308=DIRECTION('ref_axis',(0.500000000000001,0.,-0.866025403784438));
#2309=DIRECTION('center_axis',(0.,1.,0.));
#2310=DIRECTION('ref_axis',(0.500000000000001,0.,-0.866025403784438));
#2311=DIRECTION('',(0.,1.,0.));
#2312=DIRECTION('',(0.,1.,0.));
#2313=DIRECTION('center_axis',(0.,1.,0.));
#2314=DIRECTION('ref_axis',(0.713176029494197,0.,0.700984986254979));
#2315=DIRECTION('center_axis',(0.,1.,0.));
#2316=DIRECTION('ref_axis',(0.713176029494197,0.,0.700984986254979));
#2317=DIRECTION('center_axis',(0.,1.,0.));
#2318=DIRECTION('ref_axis',(0.713176029494197,0.,0.700984986254979));
#2319=DIRECTION('',(0.,1.,0.));
#2320=DIRECTION('center_axis',(0.713176029494197,0.,0.700984986254979));
#2321=DIRECTION('ref_axis',(0.700984986254979,0.,-0.713176029494197));
#2322=DIRECTION('',(-0.700984986254979,0.,0.713176029494197));
#2323=DIRECTION('',(0.700984986254979,0.,-0.713176029494197));
#2324=DIRECTION('',(0.,1.,0.));
#2325=DIRECTION('',(0.,1.,0.));
#2326=DIRECTION('center_axis',(1.,0.,0.));
#2327=DIRECTION('ref_axis',(0.,0.,-1.));
#2328=DIRECTION('',(0.,0.,1.));
#2329=DIRECTION('',(0.,0.,-1.));
#2330=DIRECTION('',(0.,1.,0.));
#2331=DIRECTION('',(0.,1.,0.));
#2332=DIRECTION('center_axis',(0.713176029494197,0.,-0.700984986254978));
#2333=DIRECTION('ref_axis',(-0.700984986254978,0.,-0.713176029494197));
#2334=DIRECTION('',(-0.700984986254978,0.,-0.713176029494197));
#2335=DIRECTION('',(-0.700984986254978,0.,-0.713176029494197));
#2336=DIRECTION('',(0.,1.,0.));
#2337=DIRECTION('center_axis',(0.,1.,0.));
#2338=DIRECTION('ref_axis',(-0.707106781186548,0.,0.707106781186547));
#2339=DIRECTION('center_axis',(0.,1.,0.));
#2340=DIRECTION('ref_axis',(-0.707106781186548,0.,0.707106781186547));
#2341=DIRECTION('center_axis',(0.,1.,0.));
#2342=DIRECTION('ref_axis',(-0.707106781186548,0.,0.707106781186547));
#2343=DIRECTION('',(0.,1.,0.));
#2344=DIRECTION('',(0.,1.,0.));
#2345=DIRECTION('center_axis',(0.,1.,0.));
#2346=DIRECTION('ref_axis',(-1.,0.,0.));
#2347=DIRECTION('center_axis',(0.,1.,0.));
#2348=DIRECTION('ref_axis',(-1.,0.,0.));
#2349=DIRECTION('center_axis',(0.,1.,0.));
#2350=DIRECTION('ref_axis',(-1.,0.,0.));
#2351=DIRECTION('',(0.,1.,0.));
#2352=DIRECTION('center_axis',(-1.,0.,0.));
#2353=DIRECTION('ref_axis',(0.,0.,1.));
#2354=DIRECTION('',(0.,0.,-1.));
#2355=DIRECTION('',(0.,0.,1.));
#2356=DIRECTION('',(0.,1.,0.));
#2357=DIRECTION('',(0.,1.,0.));
#2358=DIRECTION('center_axis',(0.,1.,0.));
#2359=DIRECTION('ref_axis',(0.629622428225011,0.,-0.776901279363112));
#2360=DIRECTION('center_axis',(0.,1.,0.));
#2361=DIRECTION('ref_axis',(0.629622428225011,0.,-0.776901279363112));
#2362=DIRECTION('center_axis',(0.,-1.,0.));
#2363=DIRECTION('ref_axis',(0.629622428225011,0.,-0.776901279363112));
#2364=DIRECTION('',(0.,1.,0.));
#2365=DIRECTION('',(0.,1.,0.));
#2366=DIRECTION('',(0.,1.,0.));
#2367=DIRECTION('center_axis',(0.,1.,0.));
#2368=DIRECTION('ref_axis',(-0.983858648046141,0.,0.178947368421053));
#2369=DIRECTION('center_axis',(0.,1.,0.));
#2370=DIRECTION('ref_axis',(-0.983858648046141,0.,0.178947368421053));
#2371=DIRECTION('center_axis',(0.,1.,0.));
#2372=DIRECTION('ref_axis',(-0.983858648046141,0.,0.178947368421053));
#2373=DIRECTION('',(0.,1.,0.));
#2374=DIRECTION('center_axis',(0.,1.,0.));
#2375=DIRECTION('ref_axis',(0.983858648046141,0.,-0.178947368421054));
#2376=DIRECTION('center_axis',(0.,1.,0.));
#2377=DIRECTION('ref_axis',(0.983858648046141,0.,-0.178947368421054));
#2378=DIRECTION('center_axis',(0.,-1.,0.));
#2379=DIRECTION('ref_axis',(0.983858648046141,0.,-0.178947368421054));
#2380=DIRECTION('',(0.,1.,0.));
#2381=DIRECTION('center_axis',(0.,0.,1.));
#2382=DIRECTION('ref_axis',(1.,0.,0.));
#2383=DIRECTION('',(-1.,0.,0.));
#2384=DIRECTION('',(1.,0.,0.));
#2385=DIRECTION('center_axis',(0.,1.,0.));
#2386=DIRECTION('ref_axis',(1.,0.,0.));
#2387=DIRECTION('center_axis',(0.,1.,0.));
#2388=DIRECTION('ref_axis',(1.,0.,0.));
#2389=CARTESIAN_POINT('',(0.,0.,0.));
#2390=CARTESIAN_POINT('Origin',(21.,0.,22.5));
#2391=CARTESIAN_POINT('',(18.7,0.,22.5));
#2392=CARTESIAN_POINT('Origin',(21.,0.,22.5));
#2393=CARTESIAN_POINT('',(18.7,1.55,22.5));
#2394=CARTESIAN_POINT('',(18.7,0.,22.5));
#2395=CARTESIAN_POINT('Origin',(21.,1.55,22.5));
#2396=CARTESIAN_POINT('Origin',(21.,1.55,22.5));
#2397=CARTESIAN_POINT('',(19.5,1.55,22.5));
#2398=CARTESIAN_POINT('Origin',(21.,1.55,22.5));
#2399=CARTESIAN_POINT('Origin',(-21.,0.,-22.5));
#2400=CARTESIAN_POINT('',(-23.3,0.,-22.5));
#2401=CARTESIAN_POINT('Origin',(-21.,0.,-22.5));
#2402=CARTESIAN_POINT('',(-23.3,1.55,-22.5));
#2403=CARTESIAN_POINT('',(-23.3,0.,-22.5));
#2404=CARTESIAN_POINT('Origin',(-21.,1.55,-22.5));
#2405=CARTESIAN_POINT('Origin',(-21.,1.55,-22.5));
#2406=CARTESIAN_POINT('',(-22.5,1.55,-22.5));
#2407=CARTESIAN_POINT('Origin',(-21.,1.55,-22.5));
#2408=CARTESIAN_POINT('Origin',(-21.,0.,22.5));
#2409=CARTESIAN_POINT('',(-23.3,0.,22.5));
#2410=CARTESIAN_POINT('Origin',(-21.,0.,22.5));
#2411=CARTESIAN_POINT('',(-23.3,1.55,22.5));
#2412=CARTESIAN_POINT('',(-23.3,0.,22.5));
#2413=CARTESIAN_POINT('Origin',(-21.,1.55,22.5));
#2414=CARTESIAN_POINT('Origin',(-21.,1.55,22.5));
#2415=CARTESIAN_POINT('',(-22.5,1.55,22.5));
#2416=CARTESIAN_POINT('Origin',(-21.,1.55,22.5));
#2417=CARTESIAN_POINT('Origin',(21.,0.,-22.5));
#2418=CARTESIAN_POINT('',(18.7,0.,-22.5));
#2419=CARTESIAN_POINT('Origin',(21.,0.,-22.5));
#2420=CARTESIAN_POINT('',(18.7,1.55,-22.5));
#2421=CARTESIAN_POINT('',(18.7,0.,-22.5));
#2422=CARTESIAN_POINT('Origin',(21.,1.55,-22.5));
#2423=CARTESIAN_POINT('Origin',(21.,1.55,-22.5));
#2424=CARTESIAN_POINT('',(19.5,1.55,-22.5));
#2425=CARTESIAN_POINT('Origin',(21.,1.55,-22.5));
#2426=CARTESIAN_POINT('Origin',(21.5,0.,-11.5));
#2427=CARTESIAN_POINT('',(21.5,0.,-11.5));
#2428=CARTESIAN_POINT('',(21.5,0.,11.5));
#2429=CARTESIAN_POINT('',(21.5,0.,11.5));
#2430=CARTESIAN_POINT('',(21.5,4.,11.5));
#2431=CARTESIAN_POINT('',(21.5,0.,11.5));
#2432=CARTESIAN_POINT('',(21.5,4.,-11.5));
#2433=CARTESIAN_POINT('',(21.5,4.,11.5));
#2434=CARTESIAN_POINT('',(21.5,0.,-11.5));
#2435=CARTESIAN_POINT('Origin',(11.5,0.,-11.5));
#2436=CARTESIAN_POINT('',(11.5,0.,-21.5));
#2437=CARTESIAN_POINT('Origin',(11.5,0.,-11.5));
#2438=CARTESIAN_POINT('',(11.5,4.,-21.5));
#2439=CARTESIAN_POINT('Origin',(11.5,4.,-11.5));
#2440=CARTESIAN_POINT('',(11.5,0.,-21.5));
#2441=CARTESIAN_POINT('Origin',(-11.5,0.,-21.5));
#2442=CARTESIAN_POINT('',(-11.5,0.,-21.5));
#2443=CARTESIAN_POINT('',(11.5,0.,-21.5));
#2444=CARTESIAN_POINT('',(-11.5,4.,-21.5));
#2445=CARTESIAN_POINT('',(11.5,4.,-21.5));
#2446=CARTESIAN_POINT('',(-11.5,0.,-21.5));
#2447=CARTESIAN_POINT('Origin',(-11.5,0.,-11.5));
#2448=CARTESIAN_POINT('',(-21.5,0.,-11.5));
#2449=CARTESIAN_POINT('Origin',(-11.5,0.,-11.5));
#2450=CARTESIAN_POINT('',(-21.5,4.,-11.5));
#2451=CARTESIAN_POINT('Origin',(-11.5,4.,-11.5));
#2452=CARTESIAN_POINT('',(-21.5,0.,-11.5));
#2453=CARTESIAN_POINT('Origin',(-21.5,0.,11.5));
#2454=CARTESIAN_POINT('',(-21.5,0.,11.5));
#2455=CARTESIAN_POINT('',(-21.5,0.,-11.5));
#2456=CARTESIAN_POINT('',(-21.5,4.,11.5));
#2457=CARTESIAN_POINT('',(-21.5,4.,-11.5));
#2458=CARTESIAN_POINT('',(-21.5,0.,11.5));
#2459=CARTESIAN_POINT('Origin',(-11.5,0.,11.5));
#2460=CARTESIAN_POINT('',(-11.5,0.,21.5));
#2461=CARTESIAN_POINT('Origin',(-11.5,0.,11.5));
#2462=CARTESIAN_POINT('',(-11.5,4.,21.5));
#2463=CARTESIAN_POINT('Origin',(-11.5,4.,11.5));
#2464=CARTESIAN_POINT('',(-11.5,0.,21.5));
#2465=CARTESIAN_POINT('Origin',(11.5,0.,21.5));
#2466=CARTESIAN_POINT('',(11.5,0.,21.5));
#2467=CARTESIAN_POINT('',(-11.5,0.,21.5));
#2468=CARTESIAN_POINT('',(11.5,4.,21.5));
#2469=CARTESIAN_POINT('',(-11.5,4.,21.5));
#2470=CARTESIAN_POINT('',(11.5,0.,21.5));
#2471=CARTESIAN_POINT('Origin',(11.5,0.,11.5));
#2472=CARTESIAN_POINT('Origin',(11.5,0.,11.5));
#2473=CARTESIAN_POINT('Origin',(11.5,4.,11.5));
#2474=CARTESIAN_POINT('Origin',(21.,0.,-22.5));
#2475=CARTESIAN_POINT('',(19.5,4.,-22.5));
#2476=CARTESIAN_POINT('Origin',(21.,4.,-22.5));
#2477=CARTESIAN_POINT('',(19.5,0.,-22.5));
#2478=CARTESIAN_POINT('Origin',(31.25,0.,-46.75));
#2479=CARTESIAN_POINT('',(29.75,4.,-46.75));
#2480=CARTESIAN_POINT('Origin',(31.25,4.,-46.75));
#2481=CARTESIAN_POINT('',(29.75,0.,-46.75));
#2482=CARTESIAN_POINT('',(29.75,0.,-46.75));
#2483=CARTESIAN_POINT('Origin',(31.25,0.,-46.75));
#2484=CARTESIAN_POINT('Origin',(-31.25,0.,-46.75));
#2485=CARTESIAN_POINT('',(-32.75,4.,-46.75));
#2486=CARTESIAN_POINT('Origin',(-31.25,4.,-46.75));
#2487=CARTESIAN_POINT('',(-32.75,0.,-46.75));
#2488=CARTESIAN_POINT('',(-32.75,0.,-46.75));
#2489=CARTESIAN_POINT('Origin',(-31.25,0.,-46.75));
#2490=CARTESIAN_POINT('Origin',(28.75,0.,-29.25));
#2491=CARTESIAN_POINT('',(26.75,4.,-29.25));
#2492=CARTESIAN_POINT('Origin',(28.75,4.,-29.25));
#2493=CARTESIAN_POINT('',(26.75,0.,-29.25));
#2494=CARTESIAN_POINT('',(26.75,0.,-29.25));
#2495=CARTESIAN_POINT('Origin',(28.75,0.,-29.25));
#2496=CARTESIAN_POINT('Origin',(28.75,0.,29.25));
#2497=CARTESIAN_POINT('',(26.75,4.,29.25));
#2498=CARTESIAN_POINT('Origin',(28.75,4.,29.25));
#2499=CARTESIAN_POINT('',(26.75,0.,29.25));
#2500=CARTESIAN_POINT('',(26.75,0.,29.25));
#2501=CARTESIAN_POINT('Origin',(28.75,0.,29.25));
#2502=CARTESIAN_POINT('Origin',(42.7696997250996,0.,43.5135205898839));
#2503=CARTESIAN_POINT('',(40.7696997250996,4.,43.5135205898839));
#2504=CARTESIAN_POINT('Origin',(42.7696997250996,4.,43.5135205898839));
#2505=CARTESIAN_POINT('',(40.7696997250996,0.,43.5135205898839));
#2506=CARTESIAN_POINT('',(40.7696997250996,0.,43.5135205898839));
#2507=CARTESIAN_POINT('Origin',(42.7696997250996,0.,43.5135205898839));
#2508=CARTESIAN_POINT('Origin',(42.7696997250996,0.,-43.5135205898839));
#2509=CARTESIAN_POINT('',(40.7696997250996,4.,-43.5135205898839));
#2510=CARTESIAN_POINT('Origin',(42.7696997250996,4.,-43.5135205898839));
#2511=CARTESIAN_POINT('',(40.7696997250996,0.,-43.5135205898839));
#2512=CARTESIAN_POINT('',(40.7696997250996,0.,-43.5135205898839));
#2513=CARTESIAN_POINT('Origin',(42.7696997250996,0.,-43.5135205898839));
#2514=CARTESIAN_POINT('Origin',(-42.7696997250996,0.,43.5135205898839));
#2515=CARTESIAN_POINT('',(-44.7696997250996,4.,43.5135205898839));
#2516=CARTESIAN_POINT('Origin',(-42.7696997250996,4.,43.5135205898839));
#2517=CARTESIAN_POINT('',(-44.7696997250996,0.,43.5135205898839));
#2518=CARTESIAN_POINT('',(-44.7696997250996,0.,43.5135205898839));
#2519=CARTESIAN_POINT('Origin',(-42.7696997250996,0.,43.5135205898839));
#2520=CARTESIAN_POINT('Origin',(-12.5,0.,35.25));
#2521=CARTESIAN_POINT('',(-14.,4.,35.25));
#2522=CARTESIAN_POINT('Origin',(-12.5,4.,35.25));
#2523=CARTESIAN_POINT('',(-14.,0.,35.25));
#2524=CARTESIAN_POINT('',(-14.,0.,35.25));
#2525=CARTESIAN_POINT('Origin',(-12.5,0.,35.25));
#2526=CARTESIAN_POINT('Origin',(-28.75,0.,-29.25));
#2527=CARTESIAN_POINT('',(-30.75,4.,-29.25));
#2528=CARTESIAN_POINT('Origin',(-28.75,4.,-29.25));
#2529=CARTESIAN_POINT('',(-30.75,0.,-29.25));
#2530=CARTESIAN_POINT('',(-30.75,0.,-29.25));
#2531=CARTESIAN_POINT('Origin',(-28.75,0.,-29.25));
#2532=CARTESIAN_POINT('Origin',(12.5,0.,-35.25));
#2533=CARTESIAN_POINT('',(11.,4.,-35.25));
#2534=CARTESIAN_POINT('Origin',(12.5,4.,-35.25));
#2535=CARTESIAN_POINT('',(11.,0.,-35.25));
#2536=CARTESIAN_POINT('',(11.,0.,-35.25));
#2537=CARTESIAN_POINT('Origin',(12.5,0.,-35.25));
#2538=CARTESIAN_POINT('Origin',(31.25,0.,46.75));
#2539=CARTESIAN_POINT('',(29.75,4.,46.75));
#2540=CARTESIAN_POINT('Origin',(31.25,4.,46.75));
#2541=CARTESIAN_POINT('',(29.75,0.,46.75));
#2542=CARTESIAN_POINT('',(29.75,0.,46.75));
#2543=CARTESIAN_POINT('Origin',(31.25,0.,46.75));
#2544=CARTESIAN_POINT('Origin',(21.,0.,22.5));
#2545=CARTESIAN_POINT('',(19.5,4.,22.5));
#2546=CARTESIAN_POINT('Origin',(21.,4.,22.5));
#2547=CARTESIAN_POINT('',(19.5,0.,22.5));
#2548=CARTESIAN_POINT('Origin',(-31.25,0.,46.75));
#2549=CARTESIAN_POINT('',(-32.75,4.,46.75));
#2550=CARTESIAN_POINT('Origin',(-31.25,4.,46.75));
#2551=CARTESIAN_POINT('',(-32.75,0.,46.75));
#2552=CARTESIAN_POINT('',(-32.75,0.,46.75));
#2553=CARTESIAN_POINT('Origin',(-31.25,0.,46.75));
#2554=CARTESIAN_POINT('Origin',(-12.5,0.,-35.25));
#2555=CARTESIAN_POINT('',(-14.,4.,-35.25));
#2556=CARTESIAN_POINT('Origin',(-12.5,4.,-35.25));
#2557=CARTESIAN_POINT('',(-14.,0.,-35.25));
#2558=CARTESIAN_POINT('',(-14.,0.,-35.25));
#2559=CARTESIAN_POINT('Origin',(-12.5,0.,-35.25));
#2560=CARTESIAN_POINT('Origin',(-42.7696997250996,0.,-43.5135205898839));
#2561=CARTESIAN_POINT('',(-44.7696997250996,4.,-43.5135205898839));
#2562=CARTESIAN_POINT('Origin',(-42.7696997250996,4.,-43.5135205898839));
#2563=CARTESIAN_POINT('',(-44.7696997250996,0.,-43.5135205898839));
#2564=CARTESIAN_POINT('',(-44.7696997250996,0.,-43.5135205898839));
#2565=CARTESIAN_POINT('Origin',(-42.7696997250996,0.,-43.5135205898839));
#2566=CARTESIAN_POINT('Origin',(-21.,0.,22.5));
#2567=CARTESIAN_POINT('',(-22.5,4.,22.5));
#2568=CARTESIAN_POINT('Origin',(-21.,4.,22.5));
#2569=CARTESIAN_POINT('',(-22.5,0.,22.5));
#2570=CARTESIAN_POINT('Origin',(-28.75,0.,29.25));
#2571=CARTESIAN_POINT('',(-30.75,4.,29.25));
#2572=CARTESIAN_POINT('Origin',(-28.75,4.,29.25));
#2573=CARTESIAN_POINT('',(-30.75,0.,29.25));
#2574=CARTESIAN_POINT('',(-30.75,0.,29.25));
#2575=CARTESIAN_POINT('Origin',(-28.75,0.,29.25));
#2576=CARTESIAN_POINT('Origin',(-21.,0.,-22.5));
#2577=CARTESIAN_POINT('',(-22.5,4.,-22.5));
#2578=CARTESIAN_POINT('Origin',(-21.,4.,-22.5));
#2579=CARTESIAN_POINT('',(-22.5,0.,-22.5));
#2580=CARTESIAN_POINT('Origin',(12.5,0.,35.25));
#2581=CARTESIAN_POINT('',(11.,4.,35.25));
#2582=CARTESIAN_POINT('Origin',(12.5,4.,35.25));
#2583=CARTESIAN_POINT('',(11.,0.,35.25));
#2584=CARTESIAN_POINT('',(11.,0.,35.25));
#2585=CARTESIAN_POINT('Origin',(12.5,0.,35.25));
#2586=CARTESIAN_POINT('Origin',(-7.82667142178083,0.,36.1));
#2587=CARTESIAN_POINT('',(-7.82667142178083,0.,34.1));
#2588=CARTESIAN_POINT('',(-9.79438871787311,0.,35.7421052631579));
#2589=CARTESIAN_POINT('Origin',(-7.82667142178083,0.,36.1));
#2590=CARTESIAN_POINT('',(-7.82667142178083,4.,34.1));
#2591=CARTESIAN_POINT('',(-7.82667142178083,0.,34.1));
#2592=CARTESIAN_POINT('',(-9.79438871787311,4.,35.7421052631579));
#2593=CARTESIAN_POINT('Origin',(-7.82667142178083,4.,36.1));
#2594=CARTESIAN_POINT('',(-9.79438871787311,0.,35.7421052631579));
#2595=CARTESIAN_POINT('Origin',(-12.5,0.,35.25));
#2596=CARTESIAN_POINT('',(-14.8815698604072,0.,36.625));
#2597=CARTESIAN_POINT('Origin',(-12.5,0.,35.25));
#2598=CARTESIAN_POINT('',(-14.8815698604072,4.,36.625));
#2599=CARTESIAN_POINT('Origin',(-12.5,4.,35.25));
#2600=CARTESIAN_POINT('',(-14.8815698604072,0.,36.625));
#2601=CARTESIAN_POINT('Ctrl Pts',(-15.9958212752698,0.,35.8068820423781));
#2602=CARTESIAN_POINT('Ctrl Pts',(-15.9958212752698,4.,35.8068820423781));
#2603=CARTESIAN_POINT('Ctrl Pts',(-15.9395432621292,0.,35.822006085218));
#2604=CARTESIAN_POINT('Ctrl Pts',(-15.9395432621292,4.,35.822006085218));
#2605=CARTESIAN_POINT('Ctrl Pts',(-15.8291796067497,0.,35.8562119701477));
#2606=CARTESIAN_POINT('Ctrl Pts',(-15.8291796067497,4.,35.8562119701477));
#2607=CARTESIAN_POINT('Ctrl Pts',(-15.6702064851654,0.,35.9193846362149));
#2608=CARTESIAN_POINT('Ctrl Pts',(-15.6702064851654,4.,35.9193846362149));
#2609=CARTESIAN_POINT('Ctrl Pts',(-15.4705824670147,0.,36.0250405038643));
#2610=CARTESIAN_POINT('Ctrl Pts',(-15.4705824670147,4.,36.0250405038643));
#2611=CARTESIAN_POINT('Ctrl Pts',(-15.241881239002,0.,36.1877529776617));
#2612=CARTESIAN_POINT('Ctrl Pts',(-15.241881239002,4.,36.1877529776617));
#2613=CARTESIAN_POINT('Ctrl Pts',(-15.0796407592875,0.,36.3430689027822));
#2614=CARTESIAN_POINT('Ctrl Pts',(-15.0796407592875,4.,36.3430689027822));
#2615=CARTESIAN_POINT('Ctrl Pts',(-14.9736534655912,0.,36.476627609555));
#2616=CARTESIAN_POINT('Ctrl Pts',(-14.9736534655912,4.,36.476627609555));
#2617=CARTESIAN_POINT('Ctrl Pts',(-14.910939254658,0.,36.5741307169702));
#2618=CARTESIAN_POINT('Ctrl Pts',(-14.910939254658,4.,36.5741307169702));
#2619=CARTESIAN_POINT('Ctrl Pts',(-14.8815698604072,0.,36.625));
#2620=CARTESIAN_POINT('Ctrl Pts',(-14.8815698604072,4.,36.625));
#2621=CARTESIAN_POINT('',(-15.9958212752698,0.,35.8068820423781));
#2622=CARTESIAN_POINT('Ctrl Pts',(-14.8815698604072,0.,36.625));
#2623=CARTESIAN_POINT('Ctrl Pts',(-14.910939254658,0.,36.5741307169702));
#2624=CARTESIAN_POINT('Ctrl Pts',(-14.9736534655912,0.,36.476627609555));
#2625=CARTESIAN_POINT('Ctrl Pts',(-15.0796407592875,0.,36.3430689027822));
#2626=CARTESIAN_POINT('Ctrl Pts',(-15.241881239002,0.,36.1877529776617));
#2627=CARTESIAN_POINT('Ctrl Pts',(-15.4705824670147,0.,36.0250405038643));
#2628=CARTESIAN_POINT('Ctrl Pts',(-15.6702064851654,0.,35.9193846362149));
#2629=CARTESIAN_POINT('Ctrl Pts',(-15.8291796067497,0.,35.8562119701477));
#2630=CARTESIAN_POINT('Ctrl Pts',(-15.9395432621292,0.,35.822006085218));
#2631=CARTESIAN_POINT('Ctrl Pts',(-15.9958212752698,0.,35.8068820423781));
#2632=CARTESIAN_POINT('',(-15.9958212752698,4.,35.8068820423781));
#2633=CARTESIAN_POINT('Ctrl Pts',(-15.9958212752698,4.,35.8068820423781));
#2634=CARTESIAN_POINT('Ctrl Pts',(-15.9395432621292,4.,35.822006085218));
#2635=CARTESIAN_POINT('Ctrl Pts',(-15.8291796067497,4.,35.8562119701477));
#2636=CARTESIAN_POINT('Ctrl Pts',(-15.6702064851654,4.,35.9193846362149));
#2637=CARTESIAN_POINT('Ctrl Pts',(-15.4705824670147,4.,36.0250405038643));
#2638=CARTESIAN_POINT('Ctrl Pts',(-15.241881239002,4.,36.1877529776617));
#2639=CARTESIAN_POINT('Ctrl Pts',(-15.0796407592875,4.,36.3430689027822));
#2640=CARTESIAN_POINT('Ctrl Pts',(-14.9736534655912,4.,36.476627609555));
#2641=CARTESIAN_POINT('Ctrl Pts',(-14.910939254658,4.,36.5741307169702));
#2642=CARTESIAN_POINT('Ctrl Pts',(-14.8815698604072,4.,36.625));
#2643=CARTESIAN_POINT('',(-15.9958212752698,0.,35.8068820423781));
#2644=CARTESIAN_POINT('Ctrl Pts',(-18.1255868603893,0.,35.8937751885752));
#2645=CARTESIAN_POINT('Ctrl Pts',(-18.1255868603893,4.,35.8937751885752));
#2646=CARTESIAN_POINT('Ctrl Pts',(-17.9589917481911,0.,35.8360155524488));
#2647=CARTESIAN_POINT('Ctrl Pts',(-17.9589917481911,4.,35.8360155524488));
#2648=CARTESIAN_POINT('Ctrl Pts',(-17.6264308627908,0.,35.74136086191));
#2649=CARTESIAN_POINT('Ctrl Pts',(-17.6264308627908,4.,35.74136086191));
#2650=CARTESIAN_POINT('Ctrl Pts',(-17.192292972141,0.,35.6719641007544));
#2651=CARTESIAN_POINT('Ctrl Pts',(-17.192292972141,4.,35.6719641007544));
#2652=CARTESIAN_POINT('Ctrl Pts',(-16.7622695579494,0.,35.6678931353231));
#2653=CARTESIAN_POINT('Ctrl Pts',(-16.7622695579494,4.,35.6678931353231));
#2654=CARTESIAN_POINT('Ctrl Pts',(-16.3434992846178,0.,35.7234325196752));
#2655=CARTESIAN_POINT('Ctrl Pts',(-16.3434992846178,4.,35.7234325196752));
#2656=CARTESIAN_POINT('Ctrl Pts',(-16.0912833994765,0.,35.7812277384055));
#2657=CARTESIAN_POINT('Ctrl Pts',(-16.0912833994765,4.,35.7812277384055));
#2658=CARTESIAN_POINT('Ctrl Pts',(-15.9958212752698,0.,35.8068820423781));
#2659=CARTESIAN_POINT('Ctrl Pts',(-15.9958212752698,4.,35.8068820423781));
#2660=CARTESIAN_POINT('',(-18.1255868603893,0.,35.8937751885752));
#2661=CARTESIAN_POINT('Ctrl Pts',(-15.9958212752698,0.,35.8068820423781));
#2662=CARTESIAN_POINT('Ctrl Pts',(-16.0912833994765,0.,35.7812277384055));
#2663=CARTESIAN_POINT('Ctrl Pts',(-16.3434992846178,0.,35.7234325196752));
#2664=CARTESIAN_POINT('Ctrl Pts',(-16.7622695579494,0.,35.6678931353231));
#2665=CARTESIAN_POINT('Ctrl Pts',(-17.192292972141,0.,35.6719641007544));
#2666=CARTESIAN_POINT('Ctrl Pts',(-17.6264308627908,0.,35.74136086191));
#2667=CARTESIAN_POINT('Ctrl Pts',(-17.9589917481911,0.,35.8360155524488));
#2668=CARTESIAN_POINT('Ctrl Pts',(-18.1255868603893,0.,35.8937751885752));
#2669=CARTESIAN_POINT('',(-18.1255868603893,4.,35.8937751885752));
#2670=CARTESIAN_POINT('Ctrl Pts',(-18.1255868603893,4.,35.8937751885752));
#2671=CARTESIAN_POINT('Ctrl Pts',(-17.9589917481911,4.,35.8360155524488));
#2672=CARTESIAN_POINT('Ctrl Pts',(-17.6264308627908,4.,35.74136086191));
#2673=CARTESIAN_POINT('Ctrl Pts',(-17.192292972141,4.,35.6719641007544));
#2674=CARTESIAN_POINT('Ctrl Pts',(-16.7622695579494,4.,35.6678931353231));
#2675=CARTESIAN_POINT('Ctrl Pts',(-16.3434992846178,4.,35.7234325196752));
#2676=CARTESIAN_POINT('Ctrl Pts',(-16.0912833994765,4.,35.7812277384055));
#2677=CARTESIAN_POINT('Ctrl Pts',(-15.9958212752698,4.,35.8068820423781));
#2678=CARTESIAN_POINT('',(-18.1255868603893,0.,35.8937751885752));
#2679=CARTESIAN_POINT('Origin',(-8.07000352772837,0.,64.8969190078591));
#2680=CARTESIAN_POINT('',(-27.3974339696796,0.,41.0484905465602));
#2681=CARTESIAN_POINT('Origin',(-8.07000352772837,0.,64.8969190078591));
#2682=CARTESIAN_POINT('',(-27.3974339696796,4.,41.0484905465602));
#2683=CARTESIAN_POINT('Origin',(-8.07000352772837,4.,64.8969190078591));
#2684=CARTESIAN_POINT('',(-27.3974339696796,0.,41.0484905465602));
#2685=CARTESIAN_POINT('Ctrl Pts',(-28.5,0.,43.));
#2686=CARTESIAN_POINT('Ctrl Pts',(-28.5,4.,43.));
#2687=CARTESIAN_POINT('Ctrl Pts',(-28.5,0.,42.9016441946833));
#2688=CARTESIAN_POINT('Ctrl Pts',(-28.5,4.,42.9016441946833));
#2689=CARTESIAN_POINT('Ctrl Pts',(-28.4879312693953,0.,42.7099257826247));
#2690=CARTESIAN_POINT('Ctrl Pts',(-28.4879312693953,4.,42.7099257826247));
#2691=CARTESIAN_POINT('Ctrl Pts',(-28.4336537881545,0.,42.4373151700104));
#2692=CARTESIAN_POINT('Ctrl Pts',(-28.4336537881545,4.,42.4373151700104));
#2693=CARTESIAN_POINT('Ctrl Pts',(-28.2982540639253,0.,42.1004051616059));
#2694=CARTESIAN_POINT('Ctrl Pts',(-28.2982540639253,4.,42.1004051616059));
#2695=CARTESIAN_POINT('Ctrl Pts',(-28.0543979115766,0.,41.714167536124));
#2696=CARTESIAN_POINT('Ctrl Pts',(-28.0543979115766,4.,41.714167536124));
#2697=CARTESIAN_POINT('Ctrl Pts',(-27.8158154732738,0.,41.4302788893611));
#2698=CARTESIAN_POINT('Ctrl Pts',(-27.8158154732738,4.,41.4302788893611));
#2699=CARTESIAN_POINT('Ctrl Pts',(-27.6152912278786,0.,41.2328184861667));
#2700=CARTESIAN_POINT('Ctrl Pts',(-27.6152912278786,4.,41.2328184861667));
#2701=CARTESIAN_POINT('Ctrl Pts',(-27.4717047435324,0.,41.1086816496276));
#2702=CARTESIAN_POINT('Ctrl Pts',(-27.4717047435324,4.,41.1086816496276));
#2703=CARTESIAN_POINT('Ctrl Pts',(-27.3974339696796,0.,41.0484905465602));
#2704=CARTESIAN_POINT('Ctrl Pts',(-27.3974339696796,4.,41.0484905465602));
#2705=CARTESIAN_POINT('',(-28.5,0.,43.));
#2706=CARTESIAN_POINT('Ctrl Pts',(-28.5,0.,43.));
#2707=CARTESIAN_POINT('Ctrl Pts',(-28.5,0.,42.9016441946833));
#2708=CARTESIAN_POINT('Ctrl Pts',(-28.4879312693953,0.,42.7099257826247));
#2709=CARTESIAN_POINT('Ctrl Pts',(-28.4336537881545,0.,42.4373151700104));
#2710=CARTESIAN_POINT('Ctrl Pts',(-28.2982540639253,0.,42.1004051616059));
#2711=CARTESIAN_POINT('Ctrl Pts',(-28.0543979115766,0.,41.714167536124));
#2712=CARTESIAN_POINT('Ctrl Pts',(-27.8158154732738,0.,41.4302788893611));
#2713=CARTESIAN_POINT('Ctrl Pts',(-27.6152912278786,0.,41.2328184861667));
#2714=CARTESIAN_POINT('Ctrl Pts',(-27.4717047435324,0.,41.1086816496276));
#2715=CARTESIAN_POINT('Ctrl Pts',(-27.3974339696796,0.,41.0484905465602));
#2716=CARTESIAN_POINT('',(-28.5,4.,43.));
#2717=CARTESIAN_POINT('Ctrl Pts',(-28.5,4.,43.));
#2718=CARTESIAN_POINT('Ctrl Pts',(-28.5,4.,42.9016441946833));
#2719=CARTESIAN_POINT('Ctrl Pts',(-28.4879312693953,4.,42.7099257826247));
#2720=CARTESIAN_POINT('Ctrl Pts',(-28.4336537881545,4.,42.4373151700104));
#2721=CARTESIAN_POINT('Ctrl Pts',(-28.2982540639253,4.,42.1004051616059));
#2722=CARTESIAN_POINT('Ctrl Pts',(-28.0543979115766,4.,41.714167536124));
#2723=CARTESIAN_POINT('Ctrl Pts',(-27.8158154732738,4.,41.4302788893611));
#2724=CARTESIAN_POINT('Ctrl Pts',(-27.6152912278786,4.,41.2328184861667));
#2725=CARTESIAN_POINT('Ctrl Pts',(-27.4717047435324,4.,41.1086816496276));
#2726=CARTESIAN_POINT('Ctrl Pts',(-27.3974339696796,4.,41.0484905465602));
#2727=CARTESIAN_POINT('',(-28.5,0.,43.));
#2728=CARTESIAN_POINT('Origin',(-28.5,0.,46.75));
#2729=CARTESIAN_POINT('',(-28.5,0.,46.75));
#2730=CARTESIAN_POINT('',(-28.5,0.,46.75));
#2731=CARTESIAN_POINT('',(-28.5,4.,46.75));
#2732=CARTESIAN_POINT('',(-28.5,4.,46.75));
#2733=CARTESIAN_POINT('',(-28.5,0.,46.75));
#2734=CARTESIAN_POINT('Origin',(-31.25,0.,46.75));
#2735=CARTESIAN_POINT('',(-32.625,0.,49.1315698604072));
#2736=CARTESIAN_POINT('Origin',(-31.25,0.,46.75));
#2737=CARTESIAN_POINT('',(-32.625,4.,49.1315698604072));
#2738=CARTESIAN_POINT('Origin',(-31.25,4.,46.75));
#2739=CARTESIAN_POINT('',(-32.625,0.,49.1315698604072));
#2740=CARTESIAN_POINT('Ctrl Pts',(-36.4057386944207,0.,49.8774816205628));
#2741=CARTESIAN_POINT('Ctrl Pts',(-36.4057386944207,4.,49.8774816205628));
#2742=CARTESIAN_POINT('Ctrl Pts',(-36.2826933851585,0.,49.7544363113007));
#2743=CARTESIAN_POINT('Ctrl Pts',(-36.2826933851585,4.,49.7544363113007));
#2744=CARTESIAN_POINT('Ctrl Pts',(-36.0268634398448,0.,49.5259478017546));
#2745=CARTESIAN_POINT('Ctrl Pts',(-36.0268634398448,4.,49.5259478017546));
#2746=CARTESIAN_POINT('Ctrl Pts',(-35.6139282659676,0.,49.2359829977919));
#2747=CARTESIAN_POINT('Ctrl Pts',(-35.6139282659676,4.,49.2359829977919));
#2748=CARTESIAN_POINT('Ctrl Pts',(-35.0142676345744,0.,48.9482490459832));
#2749=CARTESIAN_POINT('Ctrl Pts',(-35.0142676345744,4.,48.9482490459832));
#2750=CARTESIAN_POINT('Ctrl Pts',(-34.2190634073838,0.,48.7542528525214));
#2751=CARTESIAN_POINT('Ctrl Pts',(-34.2190634073838,4.,48.7542528525214));
#2752=CARTESIAN_POINT('Ctrl Pts',(-33.5734818589745,0.,48.762670042069));
#2753=CARTESIAN_POINT('Ctrl Pts',(-33.5734818589745,4.,48.762670042069));
#2754=CARTESIAN_POINT('Ctrl Pts',(-33.0954603420903,0.,48.8924571947481));
#2755=CARTESIAN_POINT('Ctrl Pts',(-33.0954603420903,4.,48.8924571947481));
#2756=CARTESIAN_POINT('Ctrl Pts',(-32.7810991213604,0.,49.0414459906695));
#2757=CARTESIAN_POINT('Ctrl Pts',(-32.7810991213604,4.,49.0414459906695));
#2758=CARTESIAN_POINT('Ctrl Pts',(-32.625,0.,49.1315698604072));
#2759=CARTESIAN_POINT('Ctrl Pts',(-32.625,4.,49.1315698604072));
#2760=CARTESIAN_POINT('',(-36.4057386944207,0.,49.8774816205628));
#2761=CARTESIAN_POINT('Ctrl Pts',(-36.4057386944207,0.,49.8774816205628));
#2762=CARTESIAN_POINT('Ctrl Pts',(-36.2826933851585,0.,49.7544363113007));
#2763=CARTESIAN_POINT('Ctrl Pts',(-36.0268634398448,0.,49.5259478017546));
#2764=CARTESIAN_POINT('Ctrl Pts',(-35.6139282659676,0.,49.2359829977919));
#2765=CARTESIAN_POINT('Ctrl Pts',(-35.0142676345744,0.,48.9482490459832));
#2766=CARTESIAN_POINT('Ctrl Pts',(-34.2190634073838,0.,48.7542528525214));
#2767=CARTESIAN_POINT('Ctrl Pts',(-33.5734818589745,0.,48.762670042069));
#2768=CARTESIAN_POINT('Ctrl Pts',(-33.0954603420903,0.,48.8924571947481));
#2769=CARTESIAN_POINT('Ctrl Pts',(-32.7810991213604,0.,49.0414459906695));
#2770=CARTESIAN_POINT('Ctrl Pts',(-32.625,0.,49.1315698604072));
#2771=CARTESIAN_POINT('',(-36.4057386944207,4.,49.8774816205628));
#2772=CARTESIAN_POINT('Ctrl Pts',(-36.4057386944207,4.,49.8774816205628));
#2773=CARTESIAN_POINT('Ctrl Pts',(-36.2826933851585,4.,49.7544363113007));
#2774=CARTESIAN_POINT('Ctrl Pts',(-36.0268634398448,4.,49.5259478017546));
#2775=CARTESIAN_POINT('Ctrl Pts',(-35.6139282659676,4.,49.2359829977919));
#2776=CARTESIAN_POINT('Ctrl Pts',(-35.0142676345744,4.,48.9482490459832));
#2777=CARTESIAN_POINT('Ctrl Pts',(-34.2190634073838,4.,48.7542528525214));
#2778=CARTESIAN_POINT('Ctrl Pts',(-33.5734818589745,4.,48.762670042069));
#2779=CARTESIAN_POINT('Ctrl Pts',(-33.0954603420903,4.,48.8924571947481));
#2780=CARTESIAN_POINT('Ctrl Pts',(-32.7810991213604,4.,49.0414459906695));
#2781=CARTESIAN_POINT('Ctrl Pts',(-32.625,4.,49.1315698604072));
#2782=CARTESIAN_POINT('',(-36.4057386944207,0.,49.8774816205628));
#2783=CARTESIAN_POINT('Origin',(-42.7696997250996,0.,43.5135205898839));
#2784=CARTESIAN_POINT('',(-49.1882839905474,0.,37.2046557135891));
#2785=CARTESIAN_POINT('Origin',(-42.7696997250996,0.,43.5135205898839));
#2786=CARTESIAN_POINT('',(-49.1882839905474,4.,37.2046557135891));
#2787=CARTESIAN_POINT('Origin',(-42.7696997250996,4.,43.5135205898839));
#2788=CARTESIAN_POINT('',(-49.1882839905474,0.,37.2046557135891));
#2789=CARTESIAN_POINT('Origin',(-39.3744941829777,0.,27.2201913006704));
#2790=CARTESIAN_POINT('',(-39.3744941829777,0.,27.2201913006704));
#2791=CARTESIAN_POINT('',(-49.1882839905474,0.,37.2046557135891));
#2792=CARTESIAN_POINT('',(-39.3744941829777,4.,27.2201913006704));
#2793=CARTESIAN_POINT('',(-49.1882839905474,4.,37.2046557135891));
#2794=CARTESIAN_POINT('',(-39.3744941829777,0.,27.2201913006704));
#2795=CARTESIAN_POINT('Ctrl Pts',(-31.7,0.,8.));
#2796=CARTESIAN_POINT('Ctrl Pts',(-31.7,4.,8.));
#2797=CARTESIAN_POINT('Ctrl Pts',(-31.7,0.,8.87117888188602));
#2798=CARTESIAN_POINT('Ctrl Pts',(-31.7,4.,8.87117888188602));
#2799=CARTESIAN_POINT('Ctrl Pts',(-31.7705577086195,0.,10.5961483054236));
#2800=CARTESIAN_POINT('Ctrl Pts',(-31.7705577086195,4.,10.5961483054236));
#2801=CARTESIAN_POINT('Ctrl Pts',(-32.0878950951755,0.,13.1314724614611));
#2802=CARTESIAN_POINT('Ctrl Pts',(-32.0878950951755,4.,13.1314724614611));
#2803=CARTESIAN_POINT('Ctrl Pts',(-32.8913405035586,0.,16.4117402257604));
#2804=CARTESIAN_POINT('Ctrl Pts',(-32.8913405035586,4.,16.4117402257604));
#2805=CARTESIAN_POINT('Ctrl Pts',(-34.4285510779072,0.,20.3281522386901));
#2806=CARTESIAN_POINT('Ctrl Pts',(-34.4285510779072,4.,20.3281522386901));
#2807=CARTESIAN_POINT('Ctrl Pts',(-36.0830394629221,0.,23.2639545190808));
#2808=CARTESIAN_POINT('Ctrl Pts',(-36.0830394629221,4.,23.2639545190808));
#2809=CARTESIAN_POINT('Ctrl Pts',(-37.6066087518483,0.,25.3110480365194));
#2810=CARTESIAN_POINT('Ctrl Pts',(-37.6066087518483,4.,25.3110480365194));
#2811=CARTESIAN_POINT('Ctrl Pts',(-38.7619146339311,0.,26.5969581942491));
#2812=CARTESIAN_POINT('Ctrl Pts',(-38.7619146339311,4.,26.5969581942491));
#2813=CARTESIAN_POINT('Ctrl Pts',(-39.3744941829777,0.,27.2201913006704));
#2814=CARTESIAN_POINT('Ctrl Pts',(-39.3744941829777,4.,27.2201913006704));
#2815=CARTESIAN_POINT('',(-31.7,0.,8.));
#2816=CARTESIAN_POINT('Ctrl Pts',(-31.7,0.,8.));
#2817=CARTESIAN_POINT('Ctrl Pts',(-31.7,0.,8.87117888188602));
#2818=CARTESIAN_POINT('Ctrl Pts',(-31.7705577086195,0.,10.5961483054236));
#2819=CARTESIAN_POINT('Ctrl Pts',(-32.0878950951755,0.,13.1314724614611));
#2820=CARTESIAN_POINT('Ctrl Pts',(-32.8913405035586,0.,16.4117402257604));
#2821=CARTESIAN_POINT('Ctrl Pts',(-34.4285510779072,0.,20.3281522386901));
#2822=CARTESIAN_POINT('Ctrl Pts',(-36.0830394629221,0.,23.2639545190808));
#2823=CARTESIAN_POINT('Ctrl Pts',(-37.6066087518483,0.,25.3110480365194));
#2824=CARTESIAN_POINT('Ctrl Pts',(-38.7619146339311,0.,26.5969581942491));
#2825=CARTESIAN_POINT('Ctrl Pts',(-39.3744941829777,0.,27.2201913006704));
#2826=CARTESIAN_POINT('',(-31.7,4.,8.));
#2827=CARTESIAN_POINT('Ctrl Pts',(-31.7,4.,8.));
#2828=CARTESIAN_POINT('Ctrl Pts',(-31.7,4.,8.87117888188602));
#2829=CARTESIAN_POINT('Ctrl Pts',(-31.7705577086195,4.,10.5961483054236));
#2830=CARTESIAN_POINT('Ctrl Pts',(-32.0878950951755,4.,13.1314724614611));
#2831=CARTESIAN_POINT('Ctrl Pts',(-32.8913405035586,4.,16.4117402257604));
#2832=CARTESIAN_POINT('Ctrl Pts',(-34.4285510779072,4.,20.3281522386901));
#2833=CARTESIAN_POINT('Ctrl Pts',(-36.0830394629221,4.,23.2639545190808));
#2834=CARTESIAN_POINT('Ctrl Pts',(-37.6066087518483,4.,25.3110480365194));
#2835=CARTESIAN_POINT('Ctrl Pts',(-38.7619146339311,4.,26.5969581942491));
#2836=CARTESIAN_POINT('Ctrl Pts',(-39.3744941829777,4.,27.2201913006704));
#2837=CARTESIAN_POINT('',(-31.7,0.,8.));
#2838=CARTESIAN_POINT('Origin',(-31.7,0.,-8.));
#2839=CARTESIAN_POINT('',(-31.7,0.,-8.));
#2840=CARTESIAN_POINT('',(-31.7,0.,0.));
#2841=CARTESIAN_POINT('',(-31.7,4.,-8.));
#2842=CARTESIAN_POINT('',(-31.7,4.,0.));
#2843=CARTESIAN_POINT('',(-31.7,0.,-8.));
#2844=CARTESIAN_POINT('Ctrl Pts',(-39.3744941829777,0.,-27.2201913006704));
#2845=CARTESIAN_POINT('Ctrl Pts',(-39.3744941829777,4.,-27.2201913006704));
#2846=CARTESIAN_POINT('Ctrl Pts',(-38.7619146339311,0.,-26.5969581942491));
#2847=CARTESIAN_POINT('Ctrl Pts',(-38.7619146339311,4.,-26.5969581942491));
#2848=CARTESIAN_POINT('Ctrl Pts',(-37.6066087518483,0.,-25.3110480365194));
#2849=CARTESIAN_POINT('Ctrl Pts',(-37.6066087518483,4.,-25.3110480365194));
#2850=CARTESIAN_POINT('Ctrl Pts',(-36.0830394629221,0.,-23.2639545190808));
#2851=CARTESIAN_POINT('Ctrl Pts',(-36.0830394629221,4.,-23.2639545190808));
#2852=CARTESIAN_POINT('Ctrl Pts',(-34.4285510779072,0.,-20.3281522386901));
#2853=CARTESIAN_POINT('Ctrl Pts',(-34.4285510779072,4.,-20.3281522386901));
#2854=CARTESIAN_POINT('Ctrl Pts',(-32.8913405035586,0.,-16.4117402257604));
#2855=CARTESIAN_POINT('Ctrl Pts',(-32.8913405035586,4.,-16.4117402257604));
#2856=CARTESIAN_POINT('Ctrl Pts',(-32.0878950951755,0.,-13.1314724614611));
#2857=CARTESIAN_POINT('Ctrl Pts',(-32.0878950951755,4.,-13.1314724614611));
#2858=CARTESIAN_POINT('Ctrl Pts',(-31.7705577086195,0.,-10.5961483054236));
#2859=CARTESIAN_POINT('Ctrl Pts',(-31.7705577086195,4.,-10.5961483054236));
#2860=CARTESIAN_POINT('Ctrl Pts',(-31.7,0.,-8.87117888188602));
#2861=CARTESIAN_POINT('Ctrl Pts',(-31.7,4.,-8.87117888188602));
#2862=CARTESIAN_POINT('Ctrl Pts',(-31.7,0.,-8.));
#2863=CARTESIAN_POINT('Ctrl Pts',(-31.7,4.,-8.));
#2864=CARTESIAN_POINT('',(-39.3744941829777,0.,-27.2201913006704));
#2865=CARTESIAN_POINT('Ctrl Pts',(-31.7,0.,-8.));
#2866=CARTESIAN_POINT('Ctrl Pts',(-31.7,0.,-8.87117888188602));
#2867=CARTESIAN_POINT('Ctrl Pts',(-31.7705577086195,0.,-10.5961483054236));
#2868=CARTESIAN_POINT('Ctrl Pts',(-32.0878950951755,0.,-13.1314724614611));
#2869=CARTESIAN_POINT('Ctrl Pts',(-32.8913405035586,0.,-16.4117402257604));
#2870=CARTESIAN_POINT('Ctrl Pts',(-34.4285510779072,0.,-20.3281522386901));
#2871=CARTESIAN_POINT('Ctrl Pts',(-36.0830394629221,0.,-23.2639545190808));
#2872=CARTESIAN_POINT('Ctrl Pts',(-37.6066087518483,0.,-25.3110480365194));
#2873=CARTESIAN_POINT('Ctrl Pts',(-38.7619146339311,0.,-26.5969581942491));
#2874=CARTESIAN_POINT('Ctrl Pts',(-39.3744941829777,0.,-27.2201913006704));
#2875=CARTESIAN_POINT('',(-39.3744941829777,4.,-27.2201913006703));
#2876=CARTESIAN_POINT('Ctrl Pts',(-39.3744941829777,4.,-27.2201913006704));
#2877=CARTESIAN_POINT('Ctrl Pts',(-38.7619146339311,4.,-26.5969581942491));
#2878=CARTESIAN_POINT('Ctrl Pts',(-37.6066087518483,4.,-25.3110480365194));
#2879=CARTESIAN_POINT('Ctrl Pts',(-36.0830394629221,4.,-23.2639545190808));
#2880=CARTESIAN_POINT('Ctrl Pts',(-34.4285510779072,4.,-20.3281522386901));
#2881=CARTESIAN_POINT('Ctrl Pts',(-32.8913405035586,4.,-16.4117402257604));
#2882=CARTESIAN_POINT('Ctrl Pts',(-32.0878950951755,4.,-13.1314724614611));
#2883=CARTESIAN_POINT('Ctrl Pts',(-31.7705577086195,4.,-10.5961483054236));
#2884=CARTESIAN_POINT('Ctrl Pts',(-31.7,4.,-8.87117888188602));
#2885=CARTESIAN_POINT('Ctrl Pts',(-31.7,4.,-8.));
#2886=CARTESIAN_POINT('',(-39.3744941829777,0.,-27.2201913006704));
#2887=CARTESIAN_POINT('Origin',(-49.1882839905474,0.,-37.2046557135891));
#2888=CARTESIAN_POINT('',(-49.1882839905474,0.,-37.2046557135891));
#2889=CARTESIAN_POINT('',(-49.1882839905474,0.,-37.2046557135891));
#2890=CARTESIAN_POINT('',(-49.1882839905474,4.,-37.2046557135891));
#2891=CARTESIAN_POINT('',(-49.1882839905474,4.,-37.2046557135891));
#2892=CARTESIAN_POINT('',(-49.1882839905474,0.,-37.2046557135891));
#2893=CARTESIAN_POINT('Origin',(-42.7696997250996,0.,-43.5135205898839));
#2894=CARTESIAN_POINT('',(-36.4057386944207,0.,-49.8774816205628));
#2895=CARTESIAN_POINT('Origin',(-42.7696997250996,0.,-43.5135205898839));
#2896=CARTESIAN_POINT('',(-36.4057386944207,4.,-49.8774816205628));
#2897=CARTESIAN_POINT('Origin',(-42.7696997250996,4.,-43.5135205898839));
#2898=CARTESIAN_POINT('',(-36.4057386944207,0.,-49.8774816205628));
#2899=CARTESIAN_POINT('Ctrl Pts',(-32.625,0.,-49.1315698604072));
#2900=CARTESIAN_POINT('Ctrl Pts',(-32.625,4.,-49.1315698604072));
#2901=CARTESIAN_POINT('Ctrl Pts',(-32.7810991213604,0.,-49.0414459906695));
#2902=CARTESIAN_POINT('Ctrl Pts',(-32.7810991213604,4.,-49.0414459906695));
#2903=CARTESIAN_POINT('Ctrl Pts',(-33.0954603420903,0.,-48.8924571947481));
#2904=CARTESIAN_POINT('Ctrl Pts',(-33.0954603420903,4.,-48.8924571947481));
#2905=CARTESIAN_POINT('Ctrl Pts',(-33.5734818589745,0.,-48.762670042069));
#2906=CARTESIAN_POINT('Ctrl Pts',(-33.5734818589745,4.,-48.762670042069));
#2907=CARTESIAN_POINT('Ctrl Pts',(-34.2190634073838,0.,-48.7542528525214));
#2908=CARTESIAN_POINT('Ctrl Pts',(-34.2190634073838,4.,-48.7542528525214));
#2909=CARTESIAN_POINT('Ctrl Pts',(-35.0142676345744,0.,-48.9482490459832));
#2910=CARTESIAN_POINT('Ctrl Pts',(-35.0142676345744,4.,-48.9482490459832));
#2911=CARTESIAN_POINT('Ctrl Pts',(-35.6139282659676,0.,-49.2359829977919));
#2912=CARTESIAN_POINT('Ctrl Pts',(-35.6139282659676,4.,-49.2359829977919));
#2913=CARTESIAN_POINT('Ctrl Pts',(-36.0268634398448,0.,-49.5259478017546));
#2914=CARTESIAN_POINT('Ctrl Pts',(-36.0268634398448,4.,-49.5259478017546));
#2915=CARTESIAN_POINT('Ctrl Pts',(-36.2826933851585,0.,-49.7544363113007));
#2916=CARTESIAN_POINT('Ctrl Pts',(-36.2826933851585,4.,-49.7544363113007));
#2917=CARTESIAN_POINT('Ctrl Pts',(-36.4057386944207,0.,-49.8774816205628));
#2918=CARTESIAN_POINT('Ctrl Pts',(-36.4057386944207,4.,-49.8774816205628));
#2919=CARTESIAN_POINT('',(-32.625,0.,-49.1315698604072));
#2920=CARTESIAN_POINT('Ctrl Pts',(-36.4057386944207,0.,-49.8774816205628));
#2921=CARTESIAN_POINT('Ctrl Pts',(-36.2826933851585,0.,-49.7544363113007));
#2922=CARTESIAN_POINT('Ctrl Pts',(-36.0268634398448,0.,-49.5259478017546));
#2923=CARTESIAN_POINT('Ctrl Pts',(-35.6139282659676,0.,-49.2359829977919));
#2924=CARTESIAN_POINT('Ctrl Pts',(-35.0142676345744,0.,-48.9482490459832));
#2925=CARTESIAN_POINT('Ctrl Pts',(-34.2190634073838,0.,-48.7542528525214));
#2926=CARTESIAN_POINT('Ctrl Pts',(-33.5734818589745,0.,-48.762670042069));
#2927=CARTESIAN_POINT('Ctrl Pts',(-33.0954603420903,0.,-48.8924571947481));
#2928=CARTESIAN_POINT('Ctrl Pts',(-32.7810991213604,0.,-49.0414459906695));
#2929=CARTESIAN_POINT('Ctrl Pts',(-32.625,0.,-49.1315698604072));
#2930=CARTESIAN_POINT('',(-32.625,4.,-49.1315698604072));
#2931=CARTESIAN_POINT('Ctrl Pts',(-32.625,4.,-49.1315698604072));
#2932=CARTESIAN_POINT('Ctrl Pts',(-32.7810991213604,4.,-49.0414459906695));
#2933=CARTESIAN_POINT('Ctrl Pts',(-33.0954603420903,4.,-48.8924571947481));
#2934=CARTESIAN_POINT('Ctrl Pts',(-33.5734818589745,4.,-48.762670042069));
#2935=CARTESIAN_POINT('Ctrl Pts',(-34.2190634073838,4.,-48.7542528525214));
#2936=CARTESIAN_POINT('Ctrl Pts',(-35.0142676345744,4.,-48.9482490459832));
#2937=CARTESIAN_POINT('Ctrl Pts',(-35.6139282659676,4.,-49.2359829977919));
#2938=CARTESIAN_POINT('Ctrl Pts',(-36.0268634398448,4.,-49.5259478017546));
#2939=CARTESIAN_POINT('Ctrl Pts',(-36.2826933851585,4.,-49.7544363113007));
#2940=CARTESIAN_POINT('Ctrl Pts',(-36.4057386944207,4.,-49.8774816205628));
#2941=CARTESIAN_POINT('',(-32.625,0.,-49.1315698604072));
#2942=CARTESIAN_POINT('Origin',(-31.25,0.,-46.75));
#2943=CARTESIAN_POINT('',(-28.5,0.,-46.75));
#2944=CARTESIAN_POINT('Origin',(-31.25,0.,-46.75));
#2945=CARTESIAN_POINT('',(-28.5,4.,-46.75));
#2946=CARTESIAN_POINT('Origin',(-31.25,4.,-46.75));
#2947=CARTESIAN_POINT('',(-28.5,0.,-46.75));
#2948=CARTESIAN_POINT('Origin',(-28.5,0.,-43.));
#2949=CARTESIAN_POINT('',(-28.5,0.,-43.));
#2950=CARTESIAN_POINT('',(-28.5,0.,-46.75));
#2951=CARTESIAN_POINT('',(-28.5,4.,-43.));
#2952=CARTESIAN_POINT('',(-28.5,4.,-46.75));
#2953=CARTESIAN_POINT('',(-28.5,0.,-43.));
#2954=CARTESIAN_POINT('Ctrl Pts',(-27.3974339696796,0.,-41.0484905465602));
#2955=CARTESIAN_POINT('Ctrl Pts',(-27.3974339696796,4.,-41.0484905465602));
#2956=CARTESIAN_POINT('Ctrl Pts',(-27.4717047435324,0.,-41.1086816496276));
#2957=CARTESIAN_POINT('Ctrl Pts',(-27.4717047435324,4.,-41.1086816496276));
#2958=CARTESIAN_POINT('Ctrl Pts',(-27.6152912278786,0.,-41.2328184861667));
#2959=CARTESIAN_POINT('Ctrl Pts',(-27.6152912278786,4.,-41.2328184861667));
#2960=CARTESIAN_POINT('Ctrl Pts',(-27.8158154732738,0.,-41.4302788893611));
#2961=CARTESIAN_POINT('Ctrl Pts',(-27.8158154732738,4.,-41.4302788893611));
#2962=CARTESIAN_POINT('Ctrl Pts',(-28.0543979115766,0.,-41.714167536124));
#2963=CARTESIAN_POINT('Ctrl Pts',(-28.0543979115766,4.,-41.714167536124));
#2964=CARTESIAN_POINT('Ctrl Pts',(-28.2982540639253,0.,-42.1004051616059));
#2965=CARTESIAN_POINT('Ctrl Pts',(-28.2982540639253,4.,-42.1004051616059));
#2966=CARTESIAN_POINT('Ctrl Pts',(-28.4336537881545,0.,-42.4373151700104));
#2967=CARTESIAN_POINT('Ctrl Pts',(-28.4336537881545,4.,-42.4373151700104));
#2968=CARTESIAN_POINT('Ctrl Pts',(-28.4879312693953,0.,-42.7099257826247));
#2969=CARTESIAN_POINT('Ctrl Pts',(-28.4879312693953,4.,-42.7099257826247));
#2970=CARTESIAN_POINT('Ctrl Pts',(-28.5,0.,-42.9016441946833));
#2971=CARTESIAN_POINT('Ctrl Pts',(-28.5,4.,-42.9016441946833));
#2972=CARTESIAN_POINT('Ctrl Pts',(-28.5,0.,-43.));
#2973=CARTESIAN_POINT('Ctrl Pts',(-28.5,4.,-43.));
#2974=CARTESIAN_POINT('',(-27.3974339696796,0.,-41.0484905465602));
#2975=CARTESIAN_POINT('Ctrl Pts',(-28.5,0.,-43.));
#2976=CARTESIAN_POINT('Ctrl Pts',(-28.5,0.,-42.9016441946833));
#2977=CARTESIAN_POINT('Ctrl Pts',(-28.4879312693953,0.,-42.7099257826247));
#2978=CARTESIAN_POINT('Ctrl Pts',(-28.4336537881545,0.,-42.4373151700104));
#2979=CARTESIAN_POINT('Ctrl Pts',(-28.2982540639253,0.,-42.1004051616059));
#2980=CARTESIAN_POINT('Ctrl Pts',(-28.0543979115766,0.,-41.714167536124));
#2981=CARTESIAN_POINT('Ctrl Pts',(-27.8158154732738,0.,-41.4302788893611));
#2982=CARTESIAN_POINT('Ctrl Pts',(-27.6152912278786,0.,-41.2328184861667));
#2983=CARTESIAN_POINT('Ctrl Pts',(-27.4717047435324,0.,-41.1086816496276));
#2984=CARTESIAN_POINT('Ctrl Pts',(-27.3974339696796,0.,-41.0484905465602));
#2985=CARTESIAN_POINT('',(-27.3974339696796,4.,-41.0484905465602));
#2986=CARTESIAN_POINT('Ctrl Pts',(-27.3974339696796,4.,-41.0484905465602));
#2987=CARTESIAN_POINT('Ctrl Pts',(-27.4717047435324,4.,-41.1086816496276));
#2988=CARTESIAN_POINT('Ctrl Pts',(-27.6152912278786,4.,-41.2328184861667));
#2989=CARTESIAN_POINT('Ctrl Pts',(-27.8158154732738,4.,-41.4302788893611));
#2990=CARTESIAN_POINT('Ctrl Pts',(-28.0543979115766,4.,-41.714167536124));
#2991=CARTESIAN_POINT('Ctrl Pts',(-28.2982540639253,4.,-42.1004051616059));
#2992=CARTESIAN_POINT('Ctrl Pts',(-28.4336537881545,4.,-42.4373151700104));
#2993=CARTESIAN_POINT('Ctrl Pts',(-28.4879312693953,4.,-42.7099257826247));
#2994=CARTESIAN_POINT('Ctrl Pts',(-28.5,4.,-42.9016441946833));
#2995=CARTESIAN_POINT('Ctrl Pts',(-28.5,4.,-43.));
#2996=CARTESIAN_POINT('',(-27.3974339696796,0.,-41.0484905465602));
#2997=CARTESIAN_POINT('Origin',(-8.07000352772837,0.,-64.8969190078591));
#2998=CARTESIAN_POINT('',(-18.1255868603893,0.,-35.8937751885752));
#2999=CARTESIAN_POINT('Origin',(-8.07000352772837,0.,-64.8969190078591));
#3000=CARTESIAN_POINT('',(-18.1255868603893,4.,-35.8937751885752));
#3001=CARTESIAN_POINT('Origin',(-8.07000352772837,4.,-64.8969190078591));
#3002=CARTESIAN_POINT('',(-18.1255868603893,0.,-35.8937751885752));
#3003=CARTESIAN_POINT('Ctrl Pts',(-15.9958212752698,0.,-35.8068820423781));
#3004=CARTESIAN_POINT('Ctrl Pts',(-15.9958212752698,4.,-35.8068820423781));
#3005=CARTESIAN_POINT('Ctrl Pts',(-16.0912833994765,0.,-35.7812277384055));
#3006=CARTESIAN_POINT('Ctrl Pts',(-16.0912833994765,4.,-35.7812277384055));
#3007=CARTESIAN_POINT('Ctrl Pts',(-16.3434992846178,0.,-35.7234325196752));
#3008=CARTESIAN_POINT('Ctrl Pts',(-16.3434992846178,4.,-35.7234325196752));
#3009=CARTESIAN_POINT('Ctrl Pts',(-16.7622695579494,0.,-35.6678931353231));
#3010=CARTESIAN_POINT('Ctrl Pts',(-16.7622695579494,4.,-35.6678931353231));
#3011=CARTESIAN_POINT('Ctrl Pts',(-17.192292972141,0.,-35.6719641007544));
#3012=CARTESIAN_POINT('Ctrl Pts',(-17.192292972141,4.,-35.6719641007544));
#3013=CARTESIAN_POINT('Ctrl Pts',(-17.6264308627908,0.,-35.74136086191));
#3014=CARTESIAN_POINT('Ctrl Pts',(-17.6264308627908,4.,-35.74136086191));
#3015=CARTESIAN_POINT('Ctrl Pts',(-17.9589917481911,0.,-35.8360155524488));
#3016=CARTESIAN_POINT('Ctrl Pts',(-17.9589917481911,4.,-35.8360155524488));
#3017=CARTESIAN_POINT('Ctrl Pts',(-18.1255868603893,0.,-35.8937751885752));
#3018=CARTESIAN_POINT('Ctrl Pts',(-18.1255868603893,4.,-35.8937751885752));
#3019=CARTESIAN_POINT('',(-15.9958212752698,0.,-35.8068820423781));
#3020=CARTESIAN_POINT('Ctrl Pts',(-15.9958212752698,0.,-35.8068820423781));
#3021=CARTESIAN_POINT('Ctrl Pts',(-16.0912833994765,0.,-35.7812277384055));
#3022=CARTESIAN_POINT('Ctrl Pts',(-16.3434992846178,0.,-35.7234325196752));
#3023=CARTESIAN_POINT('Ctrl Pts',(-16.7622695579494,0.,-35.6678931353231));
#3024=CARTESIAN_POINT('Ctrl Pts',(-17.192292972141,0.,-35.6719641007544));
#3025=CARTESIAN_POINT('Ctrl Pts',(-17.6264308627908,0.,-35.74136086191));
#3026=CARTESIAN_POINT('Ctrl Pts',(-17.9589917481911,0.,-35.8360155524488));
#3027=CARTESIAN_POINT('Ctrl Pts',(-18.1255868603893,0.,-35.8937751885752));
#3028=CARTESIAN_POINT('',(-15.9958212752698,4.,-35.8068820423781));
#3029=CARTESIAN_POINT('Ctrl Pts',(-15.9958212752698,4.,-35.8068820423781));
#3030=CARTESIAN_POINT('Ctrl Pts',(-16.0912833994765,4.,-35.7812277384055));
#3031=CARTESIAN_POINT('Ctrl Pts',(-16.3434992846178,4.,-35.7234325196752));
#3032=CARTESIAN_POINT('Ctrl Pts',(-16.7622695579494,4.,-35.6678931353231));
#3033=CARTESIAN_POINT('Ctrl Pts',(-17.192292972141,4.,-35.6719641007544));
#3034=CARTESIAN_POINT('Ctrl Pts',(-17.6264308627908,4.,-35.74136086191));
#3035=CARTESIAN_POINT('Ctrl Pts',(-17.9589917481911,4.,-35.8360155524488));
#3036=CARTESIAN_POINT('Ctrl Pts',(-18.1255868603893,4.,-35.8937751885752));
#3037=CARTESIAN_POINT('',(-15.9958212752698,0.,-35.8068820423781));
#3038=CARTESIAN_POINT('Ctrl Pts',(-14.8815698604072,0.,-36.625));
#3039=CARTESIAN_POINT('Ctrl Pts',(-14.8815698604072,4.,-36.625));
#3040=CARTESIAN_POINT('Ctrl Pts',(-14.910939254658,0.,-36.5741307169702));
#3041=CARTESIAN_POINT('Ctrl Pts',(-14.910939254658,4.,-36.5741307169702));
#3042=CARTESIAN_POINT('Ctrl Pts',(-14.9736534655912,0.,-36.476627609555));
#3043=CARTESIAN_POINT('Ctrl Pts',(-14.9736534655912,4.,-36.476627609555));
#3044=CARTESIAN_POINT('Ctrl Pts',(-15.0796407592875,0.,-36.3430689027822));
#3045=CARTESIAN_POINT('Ctrl Pts',(-15.0796407592875,4.,-36.3430689027822));
#3046=CARTESIAN_POINT('Ctrl Pts',(-15.241881239002,0.,-36.1877529776617));
#3047=CARTESIAN_POINT('Ctrl Pts',(-15.241881239002,4.,-36.1877529776617));
#3048=CARTESIAN_POINT('Ctrl Pts',(-15.4705824670147,0.,-36.0250405038643));
#3049=CARTESIAN_POINT('Ctrl Pts',(-15.4705824670147,4.,-36.0250405038643));
#3050=CARTESIAN_POINT('Ctrl Pts',(-15.6702064851654,0.,-35.9193846362149));
#3051=CARTESIAN_POINT('Ctrl Pts',(-15.6702064851654,4.,-35.9193846362149));
#3052=CARTESIAN_POINT('Ctrl Pts',(-15.8291796067497,0.,-35.8562119701477));
#3053=CARTESIAN_POINT('Ctrl Pts',(-15.8291796067497,4.,-35.8562119701477));
#3054=CARTESIAN_POINT('Ctrl Pts',(-15.9395432621292,0.,-35.822006085218));
#3055=CARTESIAN_POINT('Ctrl Pts',(-15.9395432621292,4.,-35.822006085218));
#3056=CARTESIAN_POINT('Ctrl Pts',(-15.9958212752698,0.,-35.8068820423781));
#3057=CARTESIAN_POINT('Ctrl Pts',(-15.9958212752698,4.,-35.8068820423781));
#3058=CARTESIAN_POINT('',(-14.8815698604072,0.,-36.625));
#3059=CARTESIAN_POINT('Ctrl Pts',(-14.8815698604072,0.,-36.625));
#3060=CARTESIAN_POINT('Ctrl Pts',(-14.910939254658,0.,-36.5741307169702));
#3061=CARTESIAN_POINT('Ctrl Pts',(-14.9736534655912,0.,-36.476627609555));
#3062=CARTESIAN_POINT('Ctrl Pts',(-15.0796407592875,0.,-36.3430689027822));
#3063=CARTESIAN_POINT('Ctrl Pts',(-15.241881239002,0.,-36.1877529776617));
#3064=CARTESIAN_POINT('Ctrl Pts',(-15.4705824670147,0.,-36.0250405038643));
#3065=CARTESIAN_POINT('Ctrl Pts',(-15.6702064851654,0.,-35.9193846362149));
#3066=CARTESIAN_POINT('Ctrl Pts',(-15.8291796067497,0.,-35.8562119701477));
#3067=CARTESIAN_POINT('Ctrl Pts',(-15.9395432621292,0.,-35.822006085218));
#3068=CARTESIAN_POINT('Ctrl Pts',(-15.9958212752698,0.,-35.8068820423781));
#3069=CARTESIAN_POINT('',(-14.8815698604072,4.,-36.625));
#3070=CARTESIAN_POINT('Ctrl Pts',(-14.8815698604072,4.,-36.625));
#3071=CARTESIAN_POINT('Ctrl Pts',(-14.910939254658,4.,-36.5741307169702));
#3072=CARTESIAN_POINT('Ctrl Pts',(-14.9736534655912,4.,-36.476627609555));
#3073=CARTESIAN_POINT('Ctrl Pts',(-15.0796407592875,4.,-36.3430689027822));
#3074=CARTESIAN_POINT('Ctrl Pts',(-15.241881239002,4.,-36.1877529776617));
#3075=CARTESIAN_POINT('Ctrl Pts',(-15.4705824670147,4.,-36.0250405038643));
#3076=CARTESIAN_POINT('Ctrl Pts',(-15.6702064851654,4.,-35.9193846362149));
#3077=CARTESIAN_POINT('Ctrl Pts',(-15.8291796067497,4.,-35.8562119701477));
#3078=CARTESIAN_POINT('Ctrl Pts',(-15.9395432621292,4.,-35.822006085218));
#3079=CARTESIAN_POINT('Ctrl Pts',(-15.9958212752698,4.,-35.8068820423781));
#3080=CARTESIAN_POINT('',(-14.8815698604072,0.,-36.625));
#3081=CARTESIAN_POINT('Origin',(-12.5,0.,-35.25));
#3082=CARTESIAN_POINT('',(-9.79438871787311,0.,-35.7421052631579));
#3083=CARTESIAN_POINT('Origin',(-12.5,0.,-35.25));
#3084=CARTESIAN_POINT('',(-9.79438871787311,4.,-35.7421052631579));
#3085=CARTESIAN_POINT('Origin',(-12.5,4.,-35.25));
#3086=CARTESIAN_POINT('',(-9.79438871787311,0.,-35.7421052631579));
#3087=CARTESIAN_POINT('Origin',(-7.82667142178083,0.,-36.1));
#3088=CARTESIAN_POINT('',(-7.82667142178083,0.,-34.1));
#3089=CARTESIAN_POINT('Origin',(-7.82667142178083,0.,-36.1));
#3090=CARTESIAN_POINT('',(-7.82667142178083,4.,-34.1));
#3091=CARTESIAN_POINT('Origin',(-7.82667142178083,4.,-36.1));
#3092=CARTESIAN_POINT('',(-7.82667142178083,0.,-34.1));
#3093=CARTESIAN_POINT('Origin',(7.82667142178083,0.,-34.1));
#3094=CARTESIAN_POINT('',(7.82667142178083,0.,-34.1));
#3095=CARTESIAN_POINT('',(0.,0.,-34.1));
#3096=CARTESIAN_POINT('',(7.82667142178083,4.,-34.1));
#3097=CARTESIAN_POINT('',(0.,4.,-34.1));
#3098=CARTESIAN_POINT('',(7.82667142178083,0.,-34.1));
#3099=CARTESIAN_POINT('Origin',(7.82667142178083,0.,-36.1));
#3100=CARTESIAN_POINT('',(9.79438871787311,0.,-35.7421052631579));
#3101=CARTESIAN_POINT('Origin',(7.82667142178083,0.,-36.1));
#3102=CARTESIAN_POINT('',(9.79438871787311,4.,-35.7421052631579));
#3103=CARTESIAN_POINT('Origin',(7.82667142178083,4.,-36.1));
#3104=CARTESIAN_POINT('',(9.79438871787311,0.,-35.7421052631579));
#3105=CARTESIAN_POINT('Origin',(12.5,0.,-35.25));
#3106=CARTESIAN_POINT('',(14.8815698604072,0.,-36.625));
#3107=CARTESIAN_POINT('Origin',(12.5,0.,-35.25));
#3108=CARTESIAN_POINT('',(14.8815698604072,4.,-36.625));
#3109=CARTESIAN_POINT('Origin',(12.5,4.,-35.25));
#3110=CARTESIAN_POINT('',(14.8815698604072,0.,-36.625));
#3111=CARTESIAN_POINT('Ctrl Pts',(15.9958212752698,0.,-35.8068820423781));
#3112=CARTESIAN_POINT('Ctrl Pts',(15.9958212752698,4.,-35.8068820423781));
#3113=CARTESIAN_POINT('Ctrl Pts',(15.9395432621292,0.,-35.822006085218));
#3114=CARTESIAN_POINT('Ctrl Pts',(15.9395432621292,4.,-35.822006085218));
#3115=CARTESIAN_POINT('Ctrl Pts',(15.8291796067497,0.,-35.8562119701477));
#3116=CARTESIAN_POINT('Ctrl Pts',(15.8291796067497,4.,-35.8562119701477));
#3117=CARTESIAN_POINT('Ctrl Pts',(15.6702064851654,0.,-35.9193846362149));
#3118=CARTESIAN_POINT('Ctrl Pts',(15.6702064851654,4.,-35.9193846362149));
#3119=CARTESIAN_POINT('Ctrl Pts',(15.4705824670147,0.,-36.0250405038643));
#3120=CARTESIAN_POINT('Ctrl Pts',(15.4705824670147,4.,-36.0250405038643));
#3121=CARTESIAN_POINT('Ctrl Pts',(15.241881239002,0.,-36.1877529776617));
#3122=CARTESIAN_POINT('Ctrl Pts',(15.241881239002,4.,-36.1877529776617));
#3123=CARTESIAN_POINT('Ctrl Pts',(15.0796407592875,0.,-36.3430689027822));
#3124=CARTESIAN_POINT('Ctrl Pts',(15.0796407592875,4.,-36.3430689027822));
#3125=CARTESIAN_POINT('Ctrl Pts',(14.9736534655912,0.,-36.476627609555));
#3126=CARTESIAN_POINT('Ctrl Pts',(14.9736534655912,4.,-36.476627609555));
#3127=CARTESIAN_POINT('Ctrl Pts',(14.910939254658,0.,-36.5741307169702));
#3128=CARTESIAN_POINT('Ctrl Pts',(14.910939254658,4.,-36.5741307169702));
#3129=CARTESIAN_POINT('Ctrl Pts',(14.8815698604072,0.,-36.625));
#3130=CARTESIAN_POINT('Ctrl Pts',(14.8815698604072,4.,-36.625));
#3131=CARTESIAN_POINT('',(15.9958212752698,0.,-35.8068820423781));
#3132=CARTESIAN_POINT('Ctrl Pts',(14.8815698604072,0.,-36.625));
#3133=CARTESIAN_POINT('Ctrl Pts',(14.910939254658,0.,-36.5741307169702));
#3134=CARTESIAN_POINT('Ctrl Pts',(14.9736534655912,0.,-36.476627609555));
#3135=CARTESIAN_POINT('Ctrl Pts',(15.0796407592875,0.,-36.3430689027822));
#3136=CARTESIAN_POINT('Ctrl Pts',(15.241881239002,0.,-36.1877529776617));
#3137=CARTESIAN_POINT('Ctrl Pts',(15.4705824670147,0.,-36.0250405038643));
#3138=CARTESIAN_POINT('Ctrl Pts',(15.6702064851654,0.,-35.9193846362149));
#3139=CARTESIAN_POINT('Ctrl Pts',(15.8291796067497,0.,-35.8562119701477));
#3140=CARTESIAN_POINT('Ctrl Pts',(15.9395432621292,0.,-35.822006085218));
#3141=CARTESIAN_POINT('Ctrl Pts',(15.9958212752698,0.,-35.8068820423781));
#3142=CARTESIAN_POINT('',(15.9958212752698,4.,-35.8068820423781));
#3143=CARTESIAN_POINT('Ctrl Pts',(15.9958212752698,4.,-35.8068820423781));
#3144=CARTESIAN_POINT('Ctrl Pts',(15.9395432621292,4.,-35.822006085218));
#3145=CARTESIAN_POINT('Ctrl Pts',(15.8291796067497,4.,-35.8562119701477));
#3146=CARTESIAN_POINT('Ctrl Pts',(15.6702064851654,4.,-35.9193846362149));
#3147=CARTESIAN_POINT('Ctrl Pts',(15.4705824670147,4.,-36.0250405038643));
#3148=CARTESIAN_POINT('Ctrl Pts',(15.241881239002,4.,-36.1877529776617));
#3149=CARTESIAN_POINT('Ctrl Pts',(15.0796407592875,4.,-36.3430689027822));
#3150=CARTESIAN_POINT('Ctrl Pts',(14.9736534655912,4.,-36.476627609555));
#3151=CARTESIAN_POINT('Ctrl Pts',(14.910939254658,4.,-36.5741307169702));
#3152=CARTESIAN_POINT('Ctrl Pts',(14.8815698604072,4.,-36.625));
#3153=CARTESIAN_POINT('',(15.9958212752698,0.,-35.8068820423781));
#3154=CARTESIAN_POINT('Ctrl Pts',(18.1255868603893,0.,-35.8937751885752));
#3155=CARTESIAN_POINT('Ctrl Pts',(18.1255868603893,4.,-35.8937751885752));
#3156=CARTESIAN_POINT('Ctrl Pts',(17.9589917481911,0.,-35.8360155524488));
#3157=CARTESIAN_POINT('Ctrl Pts',(17.9589917481911,4.,-35.8360155524488));
#3158=CARTESIAN_POINT('Ctrl Pts',(17.6264308627908,0.,-35.74136086191));
#3159=CARTESIAN_POINT('Ctrl Pts',(17.6264308627908,4.,-35.74136086191));
#3160=CARTESIAN_POINT('Ctrl Pts',(17.192292972141,0.,-35.6719641007544));
#3161=CARTESIAN_POINT('Ctrl Pts',(17.192292972141,4.,-35.6719641007544));
#3162=CARTESIAN_POINT('Ctrl Pts',(16.7622695579494,0.,-35.6678931353231));
#3163=CARTESIAN_POINT('Ctrl Pts',(16.7622695579494,4.,-35.6678931353231));
#3164=CARTESIAN_POINT('Ctrl Pts',(16.3434992846178,0.,-35.7234325196752));
#3165=CARTESIAN_POINT('Ctrl Pts',(16.3434992846178,4.,-35.7234325196752));
#3166=CARTESIAN_POINT('Ctrl Pts',(16.0912833994765,0.,-35.7812277384055));
#3167=CARTESIAN_POINT('Ctrl Pts',(16.0912833994765,4.,-35.7812277384055));
#3168=CARTESIAN_POINT('Ctrl Pts',(15.9958212752698,0.,-35.8068820423781));
#3169=CARTESIAN_POINT('Ctrl Pts',(15.9958212752698,4.,-35.8068820423781));
#3170=CARTESIAN_POINT('',(18.1255868603893,0.,-35.8937751885752));
#3171=CARTESIAN_POINT('Ctrl Pts',(15.9958212752698,0.,-35.8068820423781));
#3172=CARTESIAN_POINT('Ctrl Pts',(16.0912833994765,0.,-35.7812277384055));
#3173=CARTESIAN_POINT('Ctrl Pts',(16.3434992846178,0.,-35.7234325196752));
#3174=CARTESIAN_POINT('Ctrl Pts',(16.7622695579494,0.,-35.6678931353231));
#3175=CARTESIAN_POINT('Ctrl Pts',(17.192292972141,0.,-35.6719641007544));
#3176=CARTESIAN_POINT('Ctrl Pts',(17.6264308627908,0.,-35.74136086191));
#3177=CARTESIAN_POINT('Ctrl Pts',(17.9589917481911,0.,-35.8360155524488));
#3178=CARTESIAN_POINT('Ctrl Pts',(18.1255868603893,0.,-35.8937751885752));
#3179=CARTESIAN_POINT('',(18.1255868603893,4.,-35.8937751885752));
#3180=CARTESIAN_POINT('Ctrl Pts',(18.1255868603893,4.,-35.8937751885752));
#3181=CARTESIAN_POINT('Ctrl Pts',(17.9589917481911,4.,-35.8360155524488));
#3182=CARTESIAN_POINT('Ctrl Pts',(17.6264308627908,4.,-35.74136086191));
#3183=CARTESIAN_POINT('Ctrl Pts',(17.192292972141,4.,-35.6719641007544));
#3184=CARTESIAN_POINT('Ctrl Pts',(16.7622695579494,4.,-35.6678931353231));
#3185=CARTESIAN_POINT('Ctrl Pts',(16.3434992846178,4.,-35.7234325196752));
#3186=CARTESIAN_POINT('Ctrl Pts',(16.0912833994765,4.,-35.7812277384055));
#3187=CARTESIAN_POINT('Ctrl Pts',(15.9958212752698,4.,-35.8068820423781));
#3188=CARTESIAN_POINT('',(18.1255868603893,0.,-35.8937751885752));
#3189=CARTESIAN_POINT('Origin',(8.07000352772837,0.,-64.8969190078591));
#3190=CARTESIAN_POINT('',(27.3974339696796,0.,-41.0484905465602));
#3191=CARTESIAN_POINT('Origin',(8.07000352772837,0.,-64.8969190078591));
#3192=CARTESIAN_POINT('',(27.3974339696796,4.,-41.0484905465602));
#3193=CARTESIAN_POINT('Origin',(8.07000352772837,4.,-64.8969190078591));
#3194=CARTESIAN_POINT('',(27.3974339696796,0.,-41.0484905465602));
#3195=CARTESIAN_POINT('Ctrl Pts',(28.5,0.,-43.));
#3196=CARTESIAN_POINT('Ctrl Pts',(28.5,4.,-43.));
#3197=CARTESIAN_POINT('Ctrl Pts',(28.5,0.,-42.9016441946833));
#3198=CARTESIAN_POINT('Ctrl Pts',(28.5,4.,-42.9016441946833));
#3199=CARTESIAN_POINT('Ctrl Pts',(28.4879312693953,0.,-42.7099257826247));
#3200=CARTESIAN_POINT('Ctrl Pts',(28.4879312693953,4.,-42.7099257826247));
#3201=CARTESIAN_POINT('Ctrl Pts',(28.4336537881545,0.,-42.4373151700104));
#3202=CARTESIAN_POINT('Ctrl Pts',(28.4336537881545,4.,-42.4373151700104));
#3203=CARTESIAN_POINT('Ctrl Pts',(28.2982540639253,0.,-42.1004051616059));
#3204=CARTESIAN_POINT('Ctrl Pts',(28.2982540639253,4.,-42.1004051616059));
#3205=CARTESIAN_POINT('Ctrl Pts',(28.0543979115766,0.,-41.714167536124));
#3206=CARTESIAN_POINT('Ctrl Pts',(28.0543979115766,4.,-41.714167536124));
#3207=CARTESIAN_POINT('Ctrl Pts',(27.8158154732738,0.,-41.4302788893611));
#3208=CARTESIAN_POINT('Ctrl Pts',(27.8158154732738,4.,-41.4302788893611));
#3209=CARTESIAN_POINT('Ctrl Pts',(27.6152912278786,0.,-41.2328184861667));
#3210=CARTESIAN_POINT('Ctrl Pts',(27.6152912278786,4.,-41.2328184861667));
#3211=CARTESIAN_POINT('Ctrl Pts',(27.4717047435324,0.,-41.1086816496276));
#3212=CARTESIAN_POINT('Ctrl Pts',(27.4717047435324,4.,-41.1086816496276));
#3213=CARTESIAN_POINT('Ctrl Pts',(27.3974339696796,0.,-41.0484905465602));
#3214=CARTESIAN_POINT('Ctrl Pts',(27.3974339696796,4.,-41.0484905465602));
#3215=CARTESIAN_POINT('',(28.5,0.,-43.));
#3216=CARTESIAN_POINT('Ctrl Pts',(28.5,0.,-43.));
#3217=CARTESIAN_POINT('Ctrl Pts',(28.5,0.,-42.9016441946833));
#3218=CARTESIAN_POINT('Ctrl Pts',(28.4879312693953,0.,-42.7099257826247));
#3219=CARTESIAN_POINT('Ctrl Pts',(28.4336537881545,0.,-42.4373151700104));
#3220=CARTESIAN_POINT('Ctrl Pts',(28.2982540639253,0.,-42.1004051616059));
#3221=CARTESIAN_POINT('Ctrl Pts',(28.0543979115766,0.,-41.714167536124));
#3222=CARTESIAN_POINT('Ctrl Pts',(27.8158154732738,0.,-41.4302788893611));
#3223=CARTESIAN_POINT('Ctrl Pts',(27.6152912278786,0.,-41.2328184861667));
#3224=CARTESIAN_POINT('Ctrl Pts',(27.4717047435324,0.,-41.1086816496276));
#3225=CARTESIAN_POINT('Ctrl Pts',(27.3974339696796,0.,-41.0484905465602));
#3226=CARTESIAN_POINT('',(28.5,4.,-43.));
#3227=CARTESIAN_POINT('Ctrl Pts',(28.5,4.,-43.));
#3228=CARTESIAN_POINT('Ctrl Pts',(28.5,4.,-42.9016441946833));
#3229=CARTESIAN_POINT('Ctrl Pts',(28.4879312693953,4.,-42.7099257826247));
#3230=CARTESIAN_POINT('Ctrl Pts',(28.4336537881545,4.,-42.4373151700104));
#3231=CARTESIAN_POINT('Ctrl Pts',(28.2982540639253,4.,-42.1004051616059));
#3232=CARTESIAN_POINT('Ctrl Pts',(28.0543979115766,4.,-41.714167536124));
#3233=CARTESIAN_POINT('Ctrl Pts',(27.8158154732738,4.,-41.4302788893611));
#3234=CARTESIAN_POINT('Ctrl Pts',(27.6152912278786,4.,-41.2328184861667));
#3235=CARTESIAN_POINT('Ctrl Pts',(27.4717047435324,4.,-41.1086816496276));
#3236=CARTESIAN_POINT('Ctrl Pts',(27.3974339696796,4.,-41.0484905465602));
#3237=CARTESIAN_POINT('',(28.5,0.,-43.));
#3238=CARTESIAN_POINT('Origin',(28.5,0.,-46.75));
#3239=CARTESIAN_POINT('',(28.5,0.,-46.75));
#3240=CARTESIAN_POINT('',(28.5,0.,-46.75));
#3241=CARTESIAN_POINT('',(28.5,4.,-46.75));
#3242=CARTESIAN_POINT('',(28.5,4.,-46.75));
#3243=CARTESIAN_POINT('',(28.5,0.,-46.75));
#3244=CARTESIAN_POINT('Origin',(31.25,0.,-46.75));
#3245=CARTESIAN_POINT('',(32.625,0.,-49.1315698604072));
#3246=CARTESIAN_POINT('Origin',(31.25,0.,-46.75));
#3247=CARTESIAN_POINT('',(32.625,4.,-49.1315698604072));
#3248=CARTESIAN_POINT('Origin',(31.25,4.,-46.75));
#3249=CARTESIAN_POINT('',(32.625,0.,-49.1315698604072));
#3250=CARTESIAN_POINT('Ctrl Pts',(36.4057386944207,0.,-49.8774816205628));
#3251=CARTESIAN_POINT('Ctrl Pts',(36.4057386944207,4.,-49.8774816205628));
#3252=CARTESIAN_POINT('Ctrl Pts',(36.2826933851585,0.,-49.7544363113007));
#3253=CARTESIAN_POINT('Ctrl Pts',(36.2826933851585,4.,-49.7544363113007));
#3254=CARTESIAN_POINT('Ctrl Pts',(36.0268634398448,0.,-49.5259478017546));
#3255=CARTESIAN_POINT('Ctrl Pts',(36.0268634398448,4.,-49.5259478017546));
#3256=CARTESIAN_POINT('Ctrl Pts',(35.6139282659676,0.,-49.2359829977919));
#3257=CARTESIAN_POINT('Ctrl Pts',(35.6139282659676,4.,-49.2359829977919));
#3258=CARTESIAN_POINT('Ctrl Pts',(35.0142676345744,0.,-48.9482490459832));
#3259=CARTESIAN_POINT('Ctrl Pts',(35.0142676345744,4.,-48.9482490459832));
#3260=CARTESIAN_POINT('Ctrl Pts',(34.2190634073838,0.,-48.7542528525214));
#3261=CARTESIAN_POINT('Ctrl Pts',(34.2190634073838,4.,-48.7542528525214));
#3262=CARTESIAN_POINT('Ctrl Pts',(33.5734818589745,0.,-48.762670042069));
#3263=CARTESIAN_POINT('Ctrl Pts',(33.5734818589745,4.,-48.762670042069));
#3264=CARTESIAN_POINT('Ctrl Pts',(33.0954603420903,0.,-48.8924571947481));
#3265=CARTESIAN_POINT('Ctrl Pts',(33.0954603420903,4.,-48.8924571947481));
#3266=CARTESIAN_POINT('Ctrl Pts',(32.7810991213604,0.,-49.0414459906695));
#3267=CARTESIAN_POINT('Ctrl Pts',(32.7810991213604,4.,-49.0414459906695));
#3268=CARTESIAN_POINT('Ctrl Pts',(32.625,0.,-49.1315698604072));
#3269=CARTESIAN_POINT('Ctrl Pts',(32.625,4.,-49.1315698604072));
#3270=CARTESIAN_POINT('',(36.4057386944207,0.,-49.8774816205628));
#3271=CARTESIAN_POINT('Ctrl Pts',(36.4057386944207,0.,-49.8774816205628));
#3272=CARTESIAN_POINT('Ctrl Pts',(36.2826933851585,0.,-49.7544363113007));
#3273=CARTESIAN_POINT('Ctrl Pts',(36.0268634398448,0.,-49.5259478017546));
#3274=CARTESIAN_POINT('Ctrl Pts',(35.6139282659676,0.,-49.2359829977919));
#3275=CARTESIAN_POINT('Ctrl Pts',(35.0142676345744,0.,-48.9482490459832));
#3276=CARTESIAN_POINT('Ctrl Pts',(34.2190634073838,0.,-48.7542528525214));
#3277=CARTESIAN_POINT('Ctrl Pts',(33.5734818589745,0.,-48.762670042069));
#3278=CARTESIAN_POINT('Ctrl Pts',(33.0954603420903,0.,-48.8924571947481));
#3279=CARTESIAN_POINT('Ctrl Pts',(32.7810991213604,0.,-49.0414459906695));
#3280=CARTESIAN_POINT('Ctrl Pts',(32.625,0.,-49.1315698604072));
#3281=CARTESIAN_POINT('',(36.4057386944207,4.,-49.8774816205628));
#3282=CARTESIAN_POINT('Ctrl Pts',(36.4057386944207,4.,-49.8774816205628));
#3283=CARTESIAN_POINT('Ctrl Pts',(36.2826933851585,4.,-49.7544363113007));
#3284=CARTESIAN_POINT('Ctrl Pts',(36.0268634398448,4.,-49.5259478017546));
#3285=CARTESIAN_POINT('Ctrl Pts',(35.6139282659676,4.,-49.2359829977919));
#3286=CARTESIAN_POINT('Ctrl Pts',(35.0142676345744,4.,-48.9482490459832));
#3287=CARTESIAN_POINT('Ctrl Pts',(34.2190634073838,4.,-48.7542528525214));
#3288=CARTESIAN_POINT('Ctrl Pts',(33.5734818589745,4.,-48.762670042069));
#3289=CARTESIAN_POINT('Ctrl Pts',(33.0954603420903,4.,-48.8924571947481));
#3290=CARTESIAN_POINT('Ctrl Pts',(32.7810991213604,4.,-49.0414459906695));
#3291=CARTESIAN_POINT('Ctrl Pts',(32.625,4.,-49.1315698604072));
#3292=CARTESIAN_POINT('',(36.4057386944207,0.,-49.8774816205628));
#3293=CARTESIAN_POINT('Origin',(42.7696997250996,0.,-43.5135205898839));
#3294=CARTESIAN_POINT('',(49.1882839905474,0.,-37.2046557135891));
#3295=CARTESIAN_POINT('Origin',(42.7696997250996,0.,-43.5135205898839));
#3296=CARTESIAN_POINT('',(49.1882839905474,4.,-37.2046557135891));
#3297=CARTESIAN_POINT('Origin',(42.7696997250996,4.,-43.5135205898839));
#3298=CARTESIAN_POINT('',(49.1882839905474,0.,-37.2046557135891));
#3299=CARTESIAN_POINT('Origin',(39.3744941829777,0.,-27.2201913006704));
#3300=CARTESIAN_POINT('',(39.3744941829777,0.,-27.2201913006704));
#3301=CARTESIAN_POINT('',(49.1882839905474,0.,-37.2046557135891));
#3302=CARTESIAN_POINT('',(39.3744941829777,4.,-27.2201913006703));
#3303=CARTESIAN_POINT('',(49.1882839905474,4.,-37.2046557135891));
#3304=CARTESIAN_POINT('',(39.3744941829777,0.,-27.2201913006704));
#3305=CARTESIAN_POINT('Ctrl Pts',(31.7,0.,-8.));
#3306=CARTESIAN_POINT('Ctrl Pts',(31.7,4.,-8.));
#3307=CARTESIAN_POINT('Ctrl Pts',(31.7,0.,-8.87117888188602));
#3308=CARTESIAN_POINT('Ctrl Pts',(31.7,4.,-8.87117888188602));
#3309=CARTESIAN_POINT('Ctrl Pts',(31.7705577086195,0.,-10.5961483054236));
#3310=CARTESIAN_POINT('Ctrl Pts',(31.7705577086195,4.,-10.5961483054236));
#3311=CARTESIAN_POINT('Ctrl Pts',(32.0878950951755,0.,-13.1314724614611));
#3312=CARTESIAN_POINT('Ctrl Pts',(32.0878950951755,4.,-13.1314724614611));
#3313=CARTESIAN_POINT('Ctrl Pts',(32.8913405035586,0.,-16.4117402257604));
#3314=CARTESIAN_POINT('Ctrl Pts',(32.8913405035586,4.,-16.4117402257604));
#3315=CARTESIAN_POINT('Ctrl Pts',(34.4285510779072,0.,-20.3281522386901));
#3316=CARTESIAN_POINT('Ctrl Pts',(34.4285510779072,4.,-20.3281522386901));
#3317=CARTESIAN_POINT('Ctrl Pts',(36.0830394629221,0.,-23.2639545190808));
#3318=CARTESIAN_POINT('Ctrl Pts',(36.0830394629221,4.,-23.2639545190808));
#3319=CARTESIAN_POINT('Ctrl Pts',(37.6066087518483,0.,-25.3110480365194));
#3320=CARTESIAN_POINT('Ctrl Pts',(37.6066087518483,4.,-25.3110480365194));
#3321=CARTESIAN_POINT('Ctrl Pts',(38.7619146339311,0.,-26.5969581942491));
#3322=CARTESIAN_POINT('Ctrl Pts',(38.7619146339311,4.,-26.5969581942491));
#3323=CARTESIAN_POINT('Ctrl Pts',(39.3744941829777,0.,-27.2201913006704));
#3324=CARTESIAN_POINT('Ctrl Pts',(39.3744941829777,4.,-27.2201913006704));
#3325=CARTESIAN_POINT('',(31.7,0.,-8.));
#3326=CARTESIAN_POINT('Ctrl Pts',(31.7,0.,-8.));
#3327=CARTESIAN_POINT('Ctrl Pts',(31.7,0.,-8.87117888188602));
#3328=CARTESIAN_POINT('Ctrl Pts',(31.7705577086195,0.,-10.5961483054236));
#3329=CARTESIAN_POINT('Ctrl Pts',(32.0878950951755,0.,-13.1314724614611));
#3330=CARTESIAN_POINT('Ctrl Pts',(32.8913405035586,0.,-16.4117402257604));
#3331=CARTESIAN_POINT('Ctrl Pts',(34.4285510779072,0.,-20.3281522386901));
#3332=CARTESIAN_POINT('Ctrl Pts',(36.0830394629221,0.,-23.2639545190808));
#3333=CARTESIAN_POINT('Ctrl Pts',(37.6066087518483,0.,-25.3110480365194));
#3334=CARTESIAN_POINT('Ctrl Pts',(38.7619146339311,0.,-26.5969581942491));
#3335=CARTESIAN_POINT('Ctrl Pts',(39.3744941829777,0.,-27.2201913006704));
#3336=CARTESIAN_POINT('',(31.7,4.,-8.));
#3337=CARTESIAN_POINT('Ctrl Pts',(31.7,4.,-8.));
#3338=CARTESIAN_POINT('Ctrl Pts',(31.7,4.,-8.87117888188602));
#3339=CARTESIAN_POINT('Ctrl Pts',(31.7705577086195,4.,-10.5961483054236));
#3340=CARTESIAN_POINT('Ctrl Pts',(32.0878950951755,4.,-13.1314724614611));
#3341=CARTESIAN_POINT('Ctrl Pts',(32.8913405035586,4.,-16.4117402257604));
#3342=CARTESIAN_POINT('Ctrl Pts',(34.4285510779072,4.,-20.3281522386901));
#3343=CARTESIAN_POINT('Ctrl Pts',(36.0830394629221,4.,-23.2639545190808));
#3344=CARTESIAN_POINT('Ctrl Pts',(37.6066087518483,4.,-25.3110480365194));
#3345=CARTESIAN_POINT('Ctrl Pts',(38.7619146339311,4.,-26.5969581942491));
#3346=CARTESIAN_POINT('Ctrl Pts',(39.3744941829777,4.,-27.2201913006704));
#3347=CARTESIAN_POINT('',(31.7,0.,-8.));
#3348=CARTESIAN_POINT('Origin',(31.7,0.,8.));
#3349=CARTESIAN_POINT('',(31.7,0.,8.));
#3350=CARTESIAN_POINT('',(31.7,0.,0.));
#3351=CARTESIAN_POINT('',(31.7,4.,8.));
#3352=CARTESIAN_POINT('',(31.7,4.,0.));
#3353=CARTESIAN_POINT('',(31.7,0.,8.));
#3354=CARTESIAN_POINT('Ctrl Pts',(39.3744941829777,0.,27.2201913006704));
#3355=CARTESIAN_POINT('Ctrl Pts',(39.3744941829777,4.,27.2201913006704));
#3356=CARTESIAN_POINT('Ctrl Pts',(38.7619146339311,0.,26.5969581942491));
#3357=CARTESIAN_POINT('Ctrl Pts',(38.7619146339311,4.,26.5969581942491));
#3358=CARTESIAN_POINT('Ctrl Pts',(37.6066087518483,0.,25.3110480365194));
#3359=CARTESIAN_POINT('Ctrl Pts',(37.6066087518483,4.,25.3110480365194));
#3360=CARTESIAN_POINT('Ctrl Pts',(36.0830394629221,0.,23.2639545190808));
#3361=CARTESIAN_POINT('Ctrl Pts',(36.0830394629221,4.,23.2639545190808));
#3362=CARTESIAN_POINT('Ctrl Pts',(34.4285510779072,0.,20.3281522386901));
#3363=CARTESIAN_POINT('Ctrl Pts',(34.4285510779072,4.,20.3281522386901));
#3364=CARTESIAN_POINT('Ctrl Pts',(32.8913405035586,0.,16.4117402257604));
#3365=CARTESIAN_POINT('Ctrl Pts',(32.8913405035586,4.,16.4117402257604));
#3366=CARTESIAN_POINT('Ctrl Pts',(32.0878950951755,0.,13.1314724614611));
#3367=CARTESIAN_POINT('Ctrl Pts',(32.0878950951755,4.,13.1314724614611));
#3368=CARTESIAN_POINT('Ctrl Pts',(31.7705577086195,0.,10.5961483054236));
#3369=CARTESIAN_POINT('Ctrl Pts',(31.7705577086195,4.,10.5961483054236));
#3370=CARTESIAN_POINT('Ctrl Pts',(31.7,0.,8.87117888188602));
#3371=CARTESIAN_POINT('Ctrl Pts',(31.7,4.,8.87117888188602));
#3372=CARTESIAN_POINT('Ctrl Pts',(31.7,0.,8.));
#3373=CARTESIAN_POINT('Ctrl Pts',(31.7,4.,8.));
#3374=CARTESIAN_POINT('',(39.3744941829777,0.,27.2201913006704));
#3375=CARTESIAN_POINT('Ctrl Pts',(31.7,0.,8.));
#3376=CARTESIAN_POINT('Ctrl Pts',(31.7,0.,8.87117888188602));
#3377=CARTESIAN_POINT('Ctrl Pts',(31.7705577086195,0.,10.5961483054236));
#3378=CARTESIAN_POINT('Ctrl Pts',(32.0878950951755,0.,13.1314724614611));
#3379=CARTESIAN_POINT('Ctrl Pts',(32.8913405035586,0.,16.4117402257604));
#3380=CARTESIAN_POINT('Ctrl Pts',(34.4285510779072,0.,20.3281522386901));
#3381=CARTESIAN_POINT('Ctrl Pts',(36.0830394629221,0.,23.2639545190808));
#3382=CARTESIAN_POINT('Ctrl Pts',(37.6066087518483,0.,25.3110480365194));
#3383=CARTESIAN_POINT('Ctrl Pts',(38.7619146339311,0.,26.5969581942491));
#3384=CARTESIAN_POINT('Ctrl Pts',(39.3744941829777,0.,27.2201913006704));
#3385=CARTESIAN_POINT('',(39.3744941829777,4.,27.2201913006704));
#3386=CARTESIAN_POINT('Ctrl Pts',(39.3744941829777,4.,27.2201913006704));
#3387=CARTESIAN_POINT('Ctrl Pts',(38.7619146339311,4.,26.5969581942491));
#3388=CARTESIAN_POINT('Ctrl Pts',(37.6066087518483,4.,25.3110480365194));
#3389=CARTESIAN_POINT('Ctrl Pts',(36.0830394629221,4.,23.2639545190808));
#3390=CARTESIAN_POINT('Ctrl Pts',(34.4285510779072,4.,20.3281522386901));
#3391=CARTESIAN_POINT('Ctrl Pts',(32.8913405035586,4.,16.4117402257604));
#3392=CARTESIAN_POINT('Ctrl Pts',(32.0878950951755,4.,13.1314724614611));
#3393=CARTESIAN_POINT('Ctrl Pts',(31.7705577086195,4.,10.5961483054236));
#3394=CARTESIAN_POINT('Ctrl Pts',(31.7,4.,8.87117888188602));
#3395=CARTESIAN_POINT('Ctrl Pts',(31.7,4.,8.));
#3396=CARTESIAN_POINT('',(39.3744941829777,0.,27.2201913006704));
#3397=CARTESIAN_POINT('Origin',(49.1882839905473,0.,37.204655713589));
#3398=CARTESIAN_POINT('',(49.1882839905473,0.,37.204655713589));
#3399=CARTESIAN_POINT('',(49.1882839905474,0.,37.2046557135891));
#3400=CARTESIAN_POINT('',(49.1882839905473,4.,37.204655713589));
#3401=CARTESIAN_POINT('',(49.1882839905474,4.,37.2046557135891));
#3402=CARTESIAN_POINT('',(49.1882839905473,0.,37.204655713589));
#3403=CARTESIAN_POINT('Origin',(42.7696997250996,0.,43.5135205898839));
#3404=CARTESIAN_POINT('',(36.4057386944207,0.,49.8774816205628));
#3405=CARTESIAN_POINT('Origin',(42.7696997250996,0.,43.5135205898839));
#3406=CARTESIAN_POINT('',(36.4057386944207,4.,49.8774816205628));
#3407=CARTESIAN_POINT('Origin',(42.7696997250996,4.,43.5135205898839));
#3408=CARTESIAN_POINT('',(36.4057386944207,0.,49.8774816205628));
#3409=CARTESIAN_POINT('Ctrl Pts',(32.625,0.,49.1315698604072));
#3410=CARTESIAN_POINT('Ctrl Pts',(32.625,4.,49.1315698604072));
#3411=CARTESIAN_POINT('Ctrl Pts',(32.7810991213604,0.,49.0414459906695));
#3412=CARTESIAN_POINT('Ctrl Pts',(32.7810991213604,4.,49.0414459906695));
#3413=CARTESIAN_POINT('Ctrl Pts',(33.0954603420903,0.,48.8924571947481));
#3414=CARTESIAN_POINT('Ctrl Pts',(33.0954603420903,4.,48.8924571947481));
#3415=CARTESIAN_POINT('Ctrl Pts',(33.5734818589745,0.,48.762670042069));
#3416=CARTESIAN_POINT('Ctrl Pts',(33.5734818589745,4.,48.762670042069));
#3417=CARTESIAN_POINT('Ctrl Pts',(34.2190634073838,0.,48.7542528525214));
#3418=CARTESIAN_POINT('Ctrl Pts',(34.2190634073838,4.,48.7542528525214));
#3419=CARTESIAN_POINT('Ctrl Pts',(35.0142676345744,0.,48.9482490459832));
#3420=CARTESIAN_POINT('Ctrl Pts',(35.0142676345744,4.,48.9482490459832));
#3421=CARTESIAN_POINT('Ctrl Pts',(35.6139282659676,0.,49.2359829977919));
#3422=CARTESIAN_POINT('Ctrl Pts',(35.6139282659676,4.,49.2359829977919));
#3423=CARTESIAN_POINT('Ctrl Pts',(36.0268634398448,0.,49.5259478017546));
#3424=CARTESIAN_POINT('Ctrl Pts',(36.0268634398448,4.,49.5259478017546));
#3425=CARTESIAN_POINT('Ctrl Pts',(36.2826933851585,0.,49.7544363113007));
#3426=CARTESIAN_POINT('Ctrl Pts',(36.2826933851585,4.,49.7544363113007));
#3427=CARTESIAN_POINT('Ctrl Pts',(36.4057386944207,0.,49.8774816205628));
#3428=CARTESIAN_POINT('Ctrl Pts',(36.4057386944207,4.,49.8774816205628));
#3429=CARTESIAN_POINT('',(32.625,0.,49.1315698604072));
#3430=CARTESIAN_POINT('Ctrl Pts',(36.4057386944207,0.,49.8774816205628));
#3431=CARTESIAN_POINT('Ctrl Pts',(36.2826933851585,0.,49.7544363113007));
#3432=CARTESIAN_POINT('Ctrl Pts',(36.0268634398448,0.,49.5259478017546));
#3433=CARTESIAN_POINT('Ctrl Pts',(35.6139282659676,0.,49.2359829977919));
#3434=CARTESIAN_POINT('Ctrl Pts',(35.0142676345744,0.,48.9482490459832));
#3435=CARTESIAN_POINT('Ctrl Pts',(34.2190634073838,0.,48.7542528525214));
#3436=CARTESIAN_POINT('Ctrl Pts',(33.5734818589745,0.,48.762670042069));
#3437=CARTESIAN_POINT('Ctrl Pts',(33.0954603420903,0.,48.8924571947481));
#3438=CARTESIAN_POINT('Ctrl Pts',(32.7810991213604,0.,49.0414459906695));
#3439=CARTESIAN_POINT('Ctrl Pts',(32.625,0.,49.1315698604072));
#3440=CARTESIAN_POINT('',(32.625,4.,49.1315698604072));
#3441=CARTESIAN_POINT('Ctrl Pts',(32.625,4.,49.1315698604072));
#3442=CARTESIAN_POINT('Ctrl Pts',(32.7810991213604,4.,49.0414459906695));
#3443=CARTESIAN_POINT('Ctrl Pts',(33.0954603420903,4.,48.8924571947481));
#3444=CARTESIAN_POINT('Ctrl Pts',(33.5734818589745,4.,48.762670042069));
#3445=CARTESIAN_POINT('Ctrl Pts',(34.2190634073838,4.,48.7542528525214));
#3446=CARTESIAN_POINT('Ctrl Pts',(35.0142676345744,4.,48.9482490459832));
#3447=CARTESIAN_POINT('Ctrl Pts',(35.6139282659676,4.,49.2359829977919));
#3448=CARTESIAN_POINT('Ctrl Pts',(36.0268634398448,4.,49.5259478017546));
#3449=CARTESIAN_POINT('Ctrl Pts',(36.2826933851585,4.,49.7544363113007));
#3450=CARTESIAN_POINT('Ctrl Pts',(36.4057386944207,4.,49.8774816205628));
#3451=CARTESIAN_POINT('',(32.625,0.,49.1315698604072));
#3452=CARTESIAN_POINT('Origin',(31.25,0.,46.75));
#3453=CARTESIAN_POINT('',(28.5,0.,46.75));
#3454=CARTESIAN_POINT('Origin',(31.25,0.,46.75));
#3455=CARTESIAN_POINT('',(28.5,4.,46.75));
#3456=CARTESIAN_POINT('Origin',(31.25,4.,46.75));
#3457=CARTESIAN_POINT('',(28.5,0.,46.75));
#3458=CARTESIAN_POINT('Origin',(28.5,0.,43.));
#3459=CARTESIAN_POINT('',(28.5,0.,43.));
#3460=CARTESIAN_POINT('',(28.5,0.,46.75));
#3461=CARTESIAN_POINT('',(28.5,4.,43.));
#3462=CARTESIAN_POINT('',(28.5,4.,46.75));
#3463=CARTESIAN_POINT('',(28.5,0.,43.));
#3464=CARTESIAN_POINT('Ctrl Pts',(27.3974339696796,0.,41.0484905465602));
#3465=CARTESIAN_POINT('Ctrl Pts',(27.3974339696796,4.,41.0484905465602));
#3466=CARTESIAN_POINT('Ctrl Pts',(27.4717047435324,0.,41.1086816496276));
#3467=CARTESIAN_POINT('Ctrl Pts',(27.4717047435324,4.,41.1086816496276));
#3468=CARTESIAN_POINT('Ctrl Pts',(27.6152912278786,0.,41.2328184861667));
#3469=CARTESIAN_POINT('Ctrl Pts',(27.6152912278786,4.,41.2328184861667));
#3470=CARTESIAN_POINT('Ctrl Pts',(27.8158154732738,0.,41.4302788893611));
#3471=CARTESIAN_POINT('Ctrl Pts',(27.8158154732738,4.,41.4302788893611));
#3472=CARTESIAN_POINT('Ctrl Pts',(28.0543979115766,0.,41.714167536124));
#3473=CARTESIAN_POINT('Ctrl Pts',(28.0543979115766,4.,41.714167536124));
#3474=CARTESIAN_POINT('Ctrl Pts',(28.2982540639253,0.,42.1004051616059));
#3475=CARTESIAN_POINT('Ctrl Pts',(28.2982540639253,4.,42.1004051616059));
#3476=CARTESIAN_POINT('Ctrl Pts',(28.4336537881545,0.,42.4373151700104));
#3477=CARTESIAN_POINT('Ctrl Pts',(28.4336537881545,4.,42.4373151700104));
#3478=CARTESIAN_POINT('Ctrl Pts',(28.4879312693953,0.,42.7099257826247));
#3479=CARTESIAN_POINT('Ctrl Pts',(28.4879312693953,4.,42.7099257826247));
#3480=CARTESIAN_POINT('Ctrl Pts',(28.5,0.,42.9016441946833));
#3481=CARTESIAN_POINT('Ctrl Pts',(28.5,4.,42.9016441946833));
#3482=CARTESIAN_POINT('Ctrl Pts',(28.5,0.,43.));
#3483=CARTESIAN_POINT('Ctrl Pts',(28.5,4.,43.));
#3484=CARTESIAN_POINT('',(27.3974339696796,0.,41.0484905465602));
#3485=CARTESIAN_POINT('Ctrl Pts',(28.5,0.,43.));
#3486=CARTESIAN_POINT('Ctrl Pts',(28.5,0.,42.9016441946833));
#3487=CARTESIAN_POINT('Ctrl Pts',(28.4879312693953,0.,42.7099257826247));
#3488=CARTESIAN_POINT('Ctrl Pts',(28.4336537881545,0.,42.4373151700104));
#3489=CARTESIAN_POINT('Ctrl Pts',(28.2982540639253,0.,42.1004051616059));
#3490=CARTESIAN_POINT('Ctrl Pts',(28.0543979115766,0.,41.714167536124));
#3491=CARTESIAN_POINT('Ctrl Pts',(27.8158154732738,0.,41.4302788893611));
#3492=CARTESIAN_POINT('Ctrl Pts',(27.6152912278786,0.,41.2328184861667));
#3493=CARTESIAN_POINT('Ctrl Pts',(27.4717047435324,0.,41.1086816496276));
#3494=CARTESIAN_POINT('Ctrl Pts',(27.3974339696796,0.,41.0484905465602));
#3495=CARTESIAN_POINT('',(27.3974339696796,4.,41.0484905465602));
#3496=CARTESIAN_POINT('Ctrl Pts',(27.3974339696796,4.,41.0484905465602));
#3497=CARTESIAN_POINT('Ctrl Pts',(27.4717047435324,4.,41.1086816496276));
#3498=CARTESIAN_POINT('Ctrl Pts',(27.6152912278786,4.,41.2328184861667));
#3499=CARTESIAN_POINT('Ctrl Pts',(27.8158154732738,4.,41.4302788893611));
#3500=CARTESIAN_POINT('Ctrl Pts',(28.0543979115766,4.,41.714167536124));
#3501=CARTESIAN_POINT('Ctrl Pts',(28.2982540639253,4.,42.1004051616059));
#3502=CARTESIAN_POINT('Ctrl Pts',(28.4336537881545,4.,42.4373151700104));
#3503=CARTESIAN_POINT('Ctrl Pts',(28.4879312693953,4.,42.7099257826247));
#3504=CARTESIAN_POINT('Ctrl Pts',(28.5,4.,42.9016441946833));
#3505=CARTESIAN_POINT('Ctrl Pts',(28.5,4.,43.));
#3506=CARTESIAN_POINT('',(27.3974339696796,0.,41.0484905465602));
#3507=CARTESIAN_POINT('Origin',(8.07000352772837,0.,64.8969190078591));
#3508=CARTESIAN_POINT('',(18.1255868603893,0.,35.8937751885752));
#3509=CARTESIAN_POINT('Origin',(8.07000352772837,0.,64.8969190078591));
#3510=CARTESIAN_POINT('',(18.1255868603893,4.,35.8937751885752));
#3511=CARTESIAN_POINT('Origin',(8.07000352772837,4.,64.8969190078591));
#3512=CARTESIAN_POINT('',(18.1255868603893,0.,35.8937751885752));
#3513=CARTESIAN_POINT('Ctrl Pts',(15.9958212752698,0.,35.8068820423781));
#3514=CARTESIAN_POINT('Ctrl Pts',(15.9958212752698,4.,35.8068820423781));
#3515=CARTESIAN_POINT('Ctrl Pts',(16.0912833994765,0.,35.7812277384055));
#3516=CARTESIAN_POINT('Ctrl Pts',(16.0912833994765,4.,35.7812277384055));
#3517=CARTESIAN_POINT('Ctrl Pts',(16.3434992846178,0.,35.7234325196752));
#3518=CARTESIAN_POINT('Ctrl Pts',(16.3434992846178,4.,35.7234325196752));
#3519=CARTESIAN_POINT('Ctrl Pts',(16.7622695579494,0.,35.6678931353231));
#3520=CARTESIAN_POINT('Ctrl Pts',(16.7622695579494,4.,35.6678931353231));
#3521=CARTESIAN_POINT('Ctrl Pts',(17.192292972141,0.,35.6719641007544));
#3522=CARTESIAN_POINT('Ctrl Pts',(17.192292972141,4.,35.6719641007544));
#3523=CARTESIAN_POINT('Ctrl Pts',(17.6264308627908,0.,35.74136086191));
#3524=CARTESIAN_POINT('Ctrl Pts',(17.6264308627908,4.,35.74136086191));
#3525=CARTESIAN_POINT('Ctrl Pts',(17.9589917481911,0.,35.8360155524488));
#3526=CARTESIAN_POINT('Ctrl Pts',(17.9589917481911,4.,35.8360155524488));
#3527=CARTESIAN_POINT('Ctrl Pts',(18.1255868603893,0.,35.8937751885752));
#3528=CARTESIAN_POINT('Ctrl Pts',(18.1255868603893,4.,35.8937751885752));
#3529=CARTESIAN_POINT('',(15.9958212752698,0.,35.8068820423781));
#3530=CARTESIAN_POINT('Ctrl Pts',(15.9958212752698,0.,35.8068820423781));
#3531=CARTESIAN_POINT('Ctrl Pts',(16.0912833994765,0.,35.7812277384055));
#3532=CARTESIAN_POINT('Ctrl Pts',(16.3434992846178,0.,35.7234325196752));
#3533=CARTESIAN_POINT('Ctrl Pts',(16.7622695579494,0.,35.6678931353231));
#3534=CARTESIAN_POINT('Ctrl Pts',(17.192292972141,0.,35.6719641007544));
#3535=CARTESIAN_POINT('Ctrl Pts',(17.6264308627908,0.,35.74136086191));
#3536=CARTESIAN_POINT('Ctrl Pts',(17.9589917481911,0.,35.8360155524488));
#3537=CARTESIAN_POINT('Ctrl Pts',(18.1255868603893,0.,35.8937751885752));
#3538=CARTESIAN_POINT('',(15.9958212752698,4.,35.8068820423781));
#3539=CARTESIAN_POINT('Ctrl Pts',(15.9958212752698,4.,35.8068820423781));
#3540=CARTESIAN_POINT('Ctrl Pts',(16.0912833994765,4.,35.7812277384055));
#3541=CARTESIAN_POINT('Ctrl Pts',(16.3434992846178,4.,35.7234325196752));
#3542=CARTESIAN_POINT('Ctrl Pts',(16.7622695579494,4.,35.6678931353231));
#3543=CARTESIAN_POINT('Ctrl Pts',(17.192292972141,4.,35.6719641007544));
#3544=CARTESIAN_POINT('Ctrl Pts',(17.6264308627908,4.,35.74136086191));
#3545=CARTESIAN_POINT('Ctrl Pts',(17.9589917481911,4.,35.8360155524488));
#3546=CARTESIAN_POINT('Ctrl Pts',(18.1255868603893,4.,35.8937751885752));
#3547=CARTESIAN_POINT('',(15.9958212752698,0.,35.8068820423781));
#3548=CARTESIAN_POINT('Ctrl Pts',(14.8815698604072,0.,36.625));
#3549=CARTESIAN_POINT('Ctrl Pts',(14.8815698604072,4.,36.625));
#3550=CARTESIAN_POINT('Ctrl Pts',(14.910939254658,0.,36.5741307169702));
#3551=CARTESIAN_POINT('Ctrl Pts',(14.910939254658,4.,36.5741307169702));
#3552=CARTESIAN_POINT('Ctrl Pts',(14.9736534655912,0.,36.476627609555));
#3553=CARTESIAN_POINT('Ctrl Pts',(14.9736534655912,4.,36.476627609555));
#3554=CARTESIAN_POINT('Ctrl Pts',(15.0796407592875,0.,36.3430689027822));
#3555=CARTESIAN_POINT('Ctrl Pts',(15.0796407592875,4.,36.3430689027822));
#3556=CARTESIAN_POINT('Ctrl Pts',(15.241881239002,0.,36.1877529776617));
#3557=CARTESIAN_POINT('Ctrl Pts',(15.241881239002,4.,36.1877529776617));
#3558=CARTESIAN_POINT('Ctrl Pts',(15.4705824670147,0.,36.0250405038643));
#3559=CARTESIAN_POINT('Ctrl Pts',(15.4705824670147,4.,36.0250405038643));
#3560=CARTESIAN_POINT('Ctrl Pts',(15.6702064851654,0.,35.9193846362149));
#3561=CARTESIAN_POINT('Ctrl Pts',(15.6702064851654,4.,35.9193846362149));
#3562=CARTESIAN_POINT('Ctrl Pts',(15.8291796067497,0.,35.8562119701477));
#3563=CARTESIAN_POINT('Ctrl Pts',(15.8291796067497,4.,35.8562119701477));
#3564=CARTESIAN_POINT('Ctrl Pts',(15.9395432621292,0.,35.822006085218));
#3565=CARTESIAN_POINT('Ctrl Pts',(15.9395432621292,4.,35.822006085218));
#3566=CARTESIAN_POINT('Ctrl Pts',(15.9958212752698,0.,35.8068820423781));
#3567=CARTESIAN_POINT('Ctrl Pts',(15.9958212752698,4.,35.8068820423781));
#3568=CARTESIAN_POINT('',(14.8815698604072,0.,36.625));
#3569=CARTESIAN_POINT('Ctrl Pts',(14.8815698604072,0.,36.625));
#3570=CARTESIAN_POINT('Ctrl Pts',(14.910939254658,0.,36.5741307169702));
#3571=CARTESIAN_POINT('Ctrl Pts',(14.9736534655912,0.,36.476627609555));
#3572=CARTESIAN_POINT('Ctrl Pts',(15.0796407592875,0.,36.3430689027822));
#3573=CARTESIAN_POINT('Ctrl Pts',(15.241881239002,0.,36.1877529776617));
#3574=CARTESIAN_POINT('Ctrl Pts',(15.4705824670147,0.,36.0250405038643));
#3575=CARTESIAN_POINT('Ctrl Pts',(15.6702064851654,0.,35.9193846362149));
#3576=CARTESIAN_POINT('Ctrl Pts',(15.8291796067497,0.,35.8562119701477));
#3577=CARTESIAN_POINT('Ctrl Pts',(15.9395432621292,0.,35.822006085218));
#3578=CARTESIAN_POINT('Ctrl Pts',(15.9958212752698,0.,35.8068820423781));
#3579=CARTESIAN_POINT('',(14.8815698604072,4.,36.625));
#3580=CARTESIAN_POINT('Ctrl Pts',(14.8815698604072,4.,36.625));
#3581=CARTESIAN_POINT('Ctrl Pts',(14.910939254658,4.,36.5741307169702));
#3582=CARTESIAN_POINT('Ctrl Pts',(14.9736534655912,4.,36.476627609555));
#3583=CARTESIAN_POINT('Ctrl Pts',(15.0796407592875,4.,36.3430689027822));
#3584=CARTESIAN_POINT('Ctrl Pts',(15.241881239002,4.,36.1877529776617));
#3585=CARTESIAN_POINT('Ctrl Pts',(15.4705824670147,4.,36.0250405038643));
#3586=CARTESIAN_POINT('Ctrl Pts',(15.6702064851654,4.,35.9193846362149));
#3587=CARTESIAN_POINT('Ctrl Pts',(15.8291796067497,4.,35.8562119701477));
#3588=CARTESIAN_POINT('Ctrl Pts',(15.9395432621292,4.,35.822006085218));
#3589=CARTESIAN_POINT('Ctrl Pts',(15.9958212752698,4.,35.8068820423781));
#3590=CARTESIAN_POINT('',(14.8815698604072,0.,36.625));
#3591=CARTESIAN_POINT('Origin',(12.5,0.,35.25));
#3592=CARTESIAN_POINT('',(9.79438871787311,0.,35.7421052631579));
#3593=CARTESIAN_POINT('Origin',(12.5,0.,35.25));
#3594=CARTESIAN_POINT('',(9.79438871787311,4.,35.7421052631579));
#3595=CARTESIAN_POINT('Origin',(12.5,4.,35.25));
#3596=CARTESIAN_POINT('',(9.79438871787311,0.,35.7421052631579));
#3597=CARTESIAN_POINT('Origin',(7.82667142178083,0.,36.1));
#3598=CARTESIAN_POINT('',(7.82667142178083,0.,34.1));
#3599=CARTESIAN_POINT('Origin',(7.82667142178083,0.,36.1));
#3600=CARTESIAN_POINT('',(7.82667142178083,4.,34.1));
#3601=CARTESIAN_POINT('Origin',(7.82667142178083,4.,36.1));
#3602=CARTESIAN_POINT('',(7.82667142178083,0.,34.1));
#3603=CARTESIAN_POINT('Origin',(-7.82667142178083,0.,34.1));
#3604=CARTESIAN_POINT('',(0.,0.,34.1));
#3605=CARTESIAN_POINT('',(0.,4.,34.1));
#3606=CARTESIAN_POINT('Origin',(0.,4.,0.));
#3607=CARTESIAN_POINT('Origin',(0.,0.,0.));
#3608=UNCERTAINTY_MEASURE_WITH_UNIT(LENGTH_MEASURE(0.01),#3612,
'DISTANCE_ACCURACY_VALUE',
'Maximum model space distance between geometric entities at asserted c
onnectivities');
#3609=UNCERTAINTY_MEASURE_WITH_UNIT(LENGTH_MEASURE(0.01),#3612,
'DISTANCE_ACCURACY_VALUE',
'Maximum model space distance between geometric entities at asserted c
onnectivities');
#3610=(
GEOMETRIC_REPRESENTATION_CONTEXT(3)
GLOBAL_UNCERTAINTY_ASSIGNED_CONTEXT((#3608))
GLOBAL_UNIT_ASSIGNED_CONTEXT((#3612,#3614,#3615))
REPRESENTATION_CONTEXT('','3D')
);
#3611=(
GEOMETRIC_REPRESENTATION_CONTEXT(3)
GLOBAL_UNCERTAINTY_ASSIGNED_CONTEXT((#3609))
GLOBAL_UNIT_ASSIGNED_CONTEXT((#3612,#3614,#3615))
REPRESENTATION_CONTEXT('','3D')
);
#3612=(
LENGTH_UNIT()
NAMED_UNIT(*)
SI_UNIT(.MILLI.,.METRE.)
);
#3613=(
LENGTH_UNIT()
NAMED_UNIT(*)
SI_UNIT($,.METRE.)
);
#3614=(
NAMED_UNIT(*)
PLANE_ANGLE_UNIT()
SI_UNIT($,.RADIAN.)
);
#3615=(
NAMED_UNIT(*)
SI_UNIT($,.STERADIAN.)
SOLID_ANGLE_UNIT()
);
#3616=SHAPE_DEFINITION_REPRESENTATION(#3617,#3618);
#3617=PRODUCT_DEFINITION_SHAPE('',$,#3620);
#3618=SHAPE_REPRESENTATION('',(#1772),#3610);
#3619=PRODUCT_DEFINITION_CONTEXT('part definition',#3624,'design');
#3620=PRODUCT_DEFINITION('Top Plate V6','Top Plate V6 v1',#3621,#3619);
#3621=PRODUCT_DEFINITION_FORMATION('',$,#3626);
#3622=PRODUCT_RELATED_PRODUCT_CATEGORY('Top Plate V6 v1',
'Top Plate V6 v1',(#3626));
#3623=APPLICATION_PROTOCOL_DEFINITION('international standard',
'automotive_design',2009,#3624);
#3624=APPLICATION_CONTEXT(
'Core Data for Automotive Mechanical Design Process');
#3625=PRODUCT_CONTEXT('part definition',#3624,'mechanical');
#3626=PRODUCT('Top Plate V6','Top Plate V6 v1',$,(#3625));
#3627=PRESENTATION_STYLE_ASSIGNMENT((#3628));
#3628=SURFACE_STYLE_USAGE(.BOTH.,#3629);
#3629=SURFACE_SIDE_STYLE('',(#3630));
#3630=SURFACE_STYLE_FILL_AREA(#3631);
#3631=FILL_AREA_STYLE('Steel - Satin',(#3632));
#3632=FILL_AREA_STYLE_COLOUR('Steel - Satin',#3633);
#3633=COLOUR_RGB('Steel - Satin',0.627450980392157,0.627450980392157,0.627450980392157);
ENDSEC;
END-ISO-10303-21;
